In bijna geheel Nederlandsch Indië eldt officiëel de Midden-Java-tijd, de tijd van den 110en meridiaan Ooster-lengte met een tijdverschil van 7u 20m met Middelbaren Greenwichtijd [SUP[1]]). In den Archipel, die zich uitstrekt van 95° tot 141° O


volgende worden toegevoegd, ontleend aan inlichtingen verstrekt door de Hoofden van Gewestelijk Bestuur in de Buitengewesten.

(The following are added, [CURSIVE[based on information provided by the Heads of Regional Government in the Outside Region]].)

Gouv. der Molukken: geen officiëele tijdregeling.

Resid. Zuider- en Oosterafd. v. Borneo: geen officiëele tijdregeling.
Resid. Westerafd. v. Borneo: geen officiëele tijdregeling.
Resid. Bangka en Onderh: geen officiëele tijdregeling.
Resid. Lampongsche Districten: geen officiëele tijdregeling.
Resid. Benkoelen: Midden-Java-Tijd.
Resid. Palembang: Midden-Java-Tijd (?).
Resid. Riouw en Onderh: geen officiëele tijdregeling.

Natuurkundig tijdschrift voor Nederlandsch Indië, 第 91~92 巻

Lange, 1931

ë


[[INDONESIA]]

- #21 1867-08-10T00:00
- #7 1872-06-10T00:00 +07:07
- #11 1879-05-02T00:00
- #33 1882-03-21T00:00
- #20 1883-07-02T00:00
- #26 1884-03-15T00:00
- #24 1884-04-19T00:00
- #4 1884-05-17T00:00 +07:07
- #19 1884-05-24T00:00
- #9 1887-03-31T00:00
- #5 1887-07-20T00:00 +07:07
- #22 1889-04-01T00:00
- #15 1889-08-14T00:00
- #36 1889-10-01T00:00
- #23 1891-06-21T00:00
- #34 1893-09-16T00:00
- #10 1894-09-13T00:00
- #2 1896-07-16T00:00 +07:07
- #32 1896-12-05T00:00
- #13 1897-05-01T00:00
- #25 1897-05-02T00:00
- #35 1897-07-20T00:00
- #12 1897-11-15T00:00
- #8 1898-01-12T00:00 +07:07
- #16 1898-03-20T00:00
- #1 1898-06-23T00:00 +07:07
- #28 1898-07-01T00:00
- #18 1899-01-02T00:00
- #17 1899-02-01T00:00
- #29 1899-10-01T00:00
- #27 1900-05-01T00:00
- #6 1900-07-01T00:00 +07:07
- #31 1902-06-15T00:00
- #30 1902-12-27T00:00
- #14 1906-06-18T00:00
- #3 #37 - #59 1908-05-01T00:00

#38 - #59 +07:31
- #46 1878-05-16T00:00
- #39 1878-11-01T00:00
- #53 1879-05-01T00:00
- #41 1879-07-20T00:00
- #55 1879-10-01T00:00
- #52 1880-10-16T00:00
- #49 1881-06-25T00:00
- #51 1881-08-13T00:00
- #54 1881-10-01T00:00
- #58 1883-06-02T00:00
- #47 1884-05-03T00:00
- #42 1884-06-16T00:00
- #56 1887-05-16T00:00
- #45 1892-07-01T00:00
- #44 1896-01-05T00:00
- #48 1897-06-01T00:00
- #59 1898-12-01T00:00
- #50 1900-04-01T00:00
- #38 1900-08-15T00:00
- #57 1902-03-01T00:00
- #40 1902-09-10T00:00
- #43 1902-06-01T00:00

#61 - #64
1908-05-01T00:00 +07:17

#1 - #59
1924-01-01T00:13 +07:20


- #1 - #59 に含まれる地域
-- 10 [[Jawa Barat]], 11 [[Jawa Tengah]], 29 [[Yogyakarta]], 4 [[Banten]]
-- 12 [[Jawa Timur]] (#60, #66 の地域を除く。)
-- 8 [[Jakarta Raya]] ([[Tempino]] を除く。)
- #38 - #59 に含まれる地域
-- 12 (#1 - #69 に含まれる地域のうち、 #37 に含まれる地域を除く。)
- #60
-- 2
-- 12 のうち2都市
- #61 - #64
-- 13, 14, 15, 16
- #65
-- 19 のうち #80 でない地域
- #66
-- 12 のうち3都市


#67 #68 #74 #76 #77
1918-04-01T00:00 +06:41


[1] 
9, 27
1 の一部
26 の一部
28 の一部
21 の一部
8 のうち Tempino 103.29E 1.44S
5 (Barhau, Kayaapu を除く。)

9 [[Jambi]] 1 [[Atjeh]]
21 [[Riau]] 26 [[Sumatera Barat]] 27 [[Sumatera Selatan]] 28 [[Sumatera Utara]] 5 [[Bengkulu]] 8 [[Jakarta Raya]]


#89 #91
1920-01-01T00:00 +07:58

#90
1920-01-01T00:00 +08:20



- #67 - #70
-- 1
-- 26
- #68 - #69
-- 28 ([[Pulautelo]], [[Luaha-Sibuha]], [[Tanjungmedan]], [[Rantaupanjang]] を除く。)
- #68
-- 21 のうち [[Hutanopan]] [LAT[0.41N]] [LON[99.42E]]
-- 9 のうち [[Muaralabuh]] ([LAT[101.03E]] [LON[1.29S]])

- #71 #72 #73
-- 18 (#83, #85 の地域を除く。)

- #74 #75
-- 21 ([[Hutanopan]], #86 と #87 の地域を除く。)
-- 28 のうち [[Tanjungmedan]] [LAT[26.1N]] [LON[100.34E]], [[Rantaupanjang]] [LAT[0.58N]] [LON[99.13E]]
-- 8 のうち [[Tempino]] [LON[103.29E]] [LAT[1.44S]]
-- 9 ([[Muaralabuh]], [[Sekeladi]] を除く。)



- #76 #77 #81
-- 27, 3, 17
-- 5 ([[Barhau]], [[Kayaapu]] を除く。)
-- 9 のうち [[Sekeladi]] [LON[102.14E]] [LAT[38.2S]]

- #83
-- 18 の一部
-- 28 のうち [[Pulautelo]] [LAT[0.03N]] [LON[98.16E]], [[Luaha-Sibuha]] [LON[98.28E]] [LAT[0.31S]]


- #84
-- 20 のうち #80 でない地域

- #78 #85 / #79 / #82
-- 7
- #85
-- 18 の一部
- #79
-- 23 のうち [[Malik]] [LON[123.14E]] [LAT[0.34S]]


- #86
-- 21 の一部
-- 5 のうち [[Barhau]] [LAT[5.19S]] [LON[102.10E]], [[Kayaapu]] [LAT[5.26S]] [LON[102.24E]]
([[スマトラ島]]南西沖の島)

- #87
-- 21 の一部


- #88
-- 25 のうち [[Ulu]] [LON[125.24E]] [LAT[2.45N]], [[Tahuna]] [LON[125.29E]] [LAT[3.37N]], [[Ngalipaeng]] [LON[125.37E]] [LAT[3.24N]]


- #80
-- 19 のうち #65 でない地域
-- 20 のうち #84 でない地域


[2] 6 [[Gorontalo]] 22 [[Sulawesi Selatan]] 南スラウェシ州 (一部は2004年より西スラウェシ州) 23 [[Sulawesi Tengah]] 中部スラウェシ州 24 [[Sulawesi Tenggara]] 南東スラウェシ州 25 [[Sulawesi Utara]] 北スラウェシ州

- #89
-- 22, 24
-- 23 のうち [[Suramana]] [LON[119.3E]] [LAT[0.50S]], [[Kolonodale]] [LON[121.19E]] [LAT[2.00S]]


- #90
-- 6
-- 23 の一部
-- 25 ([[Ulu]], [[Tahuna]], [[Ngalipaeng]] を除く。)

- #91
-- 23 ([[Suramana]], [[Kolonodale]], #90 の地域を除く。)


#1 - #66
1932-11-01T00:00 +07:30

#74 #75 #76 #77 #81 #86 #87
1932-11-01T00:00 +07:00

#67 #68 #69 #70
1932-11-01T00:00 +06:30

#80 #84 #89 #90 #91
1932-11-01T00:00 +08:00

#71 #72 #73 #83 #88
1932-11-01T00:00 +08:30

#78 #79 #82 #85
1932-11-01T00:00 +09:00

-*-*-

#88 #90 #91
1942-01-12T00:00 +09:00

#63
1942-01-24T00:00 +09:00

#62
1942-01-29T00:00 +09:00

#74 #75
1942-01-30T00:00 +09:00

#72
1942-02-02T00:00 +09:00

#64
1942-02-06T00:00 +09:00

#89
1942-02-09T00:00 +09:00

#61
1942-02-13T00:00 +09:00

#82
1942-02-21T00:00 +09:00

#77
1942-02-19T00:00 +09:00

#66 #76
1942-02-25T00:00 +09:00

#67
1942-03-14T00:00 +09:00

#37 - #60
1942-03-19T00:00 +09:00

#1 - #36
1942-03-23T00:00 +09:00

#68
1942-03-28T00:00 +09:00

#81
1942-04-10T00:00 +09:00

#69
1942-04-22T00:00 +09:00

#70 #86 #87
1942-04-30T00:00 +09:00

#71
1942-05-08T00:00 +09:00

#73
1942-05-10T00:00 +09:00

#65 #80 #84
1942-05-13T00:00 +09:00


#79
1944-01-01T00:00 +09:30

#1 - #66
1945-08-01T00:00 +07:30

#74 #75 #76 #77 #81 #86
1945-08-01T00:00 +07:00

#67 - #70
1945-08-01T00:00 +06:30

#80 #84 #89 #90 #91
1945-08-01T00:00 +08:00

#71 #72 #73 #83 #88
1945-08-01T00:00 +08:30

#87
1945-08-10T00:00 +07:00


#71 #72 #73
1948-05-01T00:00 +09:00

#1 - #66 #88
1948-05-01T00:00 +08:00

#67 - #70
1948-05-01T00:00 +07:00


#82
1949-02-01T00:00 +09:30

#83 #84
1949-02-01T00:00 +09:00


#78 #85
1950-05-01T00:00 +09:30

#71 #72 #73 #83
1950-05-01T00:00 +08:30

#84
1950-05-01T00:00 +08:00

#1 - #66
1950-05-01T00:00 +07:30

#67 - #70 #74 #75
1950-05-01T00:00 +06:30



#1 - #60 #67 - #70 #74 #75
1964-01-01T00:00 +07:00

#61 - #66
1964-01-01T00:00 +08:00

#71 #72 #73 #78 #79 #82 #83 #85
1964-01-01T00:00 +09:00


**

[[EAST TIMOR]]
- #1 [[Nítibe]], [[Ocussi]] (飛び地部分)
- #2 [[Dili]] (首都)
- #3 その他

#2 #3
1912-01-01T00:00 +08:00

#1
1932-11-01T00:00 +08:00

#2
1942-02-21T23:00 +09:00

#1
1942-05-13T00:00 +09:00

#3
1943-05-12T23:00 +09:00

#1
1945-08-01T00:00 +08:00

#1
1949-02-01T00:00 +09:00

#1
1950-05-01T00:00 +08:00

#2 #3
1976-05-03T00:00 +08:00

#1 #2 #3
2000-09-16T00:00 +09:00






*

#1 5 6 9 13 14 15 20 22 24

[[Birnie Island]], [[Canton Island]], [[Enderbury Island]], 
[[Gardner Island]], [[Hull Island]], [[Kuria Island]],
[[Nonouti Island]], [[Phoenix Island]], [[Sydney Island]]

#2 7 8 10 11 12 17 18 23 29 30
[[Caroline Atoll]], [[Christmas Island]], [[Fanning Island]],
[[Fillippo Reef]], [[Flint Island]], [[Malden Island]], [[Merlin Seamount]],
[[Starbuck Island]], [[Vostok Island]], [[Washington Island]]

#3



*

#1 #2 #3 #4
1880-01-01T00:00 +09:49

#1 #2 #3 #4
1895-01-01T00:00 +10:00

#2 #3 #4
1942-03-15T00:00 +09:00

#2
1943-11-01T00:00 +10:00

#3
1943-09-15T00:00 +10:00

#4
1945-09-02T00:00 +10:00

#4 Rabaul

9 #1
19 #1
21 #1
24 #1
25 #1
[[Louisiade Islands]], [[Rossel Island]], [[Tagula Island]], 
[[Trobriand Island]], [[Woodlark Island]]

2 #2 #1 [[Bougainville]] #1 ... [[Inus]]
3 #3 #1 [[d'Entrecasteaux Islands]] #1 ... [[Gurewaia]]

10 #2
12 #2
14 #2
15 #2
[[Manus Island]], [[New Britain]], [[New Hanover Island]], [[New Ireland]]

1 #3
4 #3
5 #3 
6 #3
7 #3
8 #3
11 #3
16 #3
17 #3
18 #3
20 #3
22 #3
23 #3
26 #3
[[Bismark Islands]], [[Feni Islands]], [[Green Islands]], [[Hermit Islands]],
[[Kaniet Islands]], [[Lihir Islands]], [[Mussau Island]], 
[[Ninigo Islands]], [[Nuguria Islands]], [[Nukumaru Islands]], 
[[Tabar Islands]], [[Tanga Islands]], [[Tauu Islands]], [[Wuvulu Island]]

13 New Guinea #1 #2 #3

*

#1
1880-01-01T00:00 +05:21

#1 Bombay Madras Pondicherry

#3
1880-01-01T00:00 +05:53

#3 Calcutta

#1
1907-01-01T00:00 +05:30

#2
1911-07-18T00:00 +05:30

#2 Daman and Diu Goa

#3
1941-10-01T00:00 +06:30

#5
1941-11-01T00:00 +06:30

#5 Assam

#4
1941-12-01T00:00 +06:30

#4 Bihar

#3, #4, #5
1942-05-15T00:00 +05:30

#1, #2, #3, #4, #5
1942-09-01T00:00 +06:30

#1, #2, #4, #5
1945-10-15T00:00 +05:30

#3
1947-09-01T00:00 +05:30

[3] aiueo [TIME[2025-03-29T12:18:26.965Z]]

[4] aiueo? [TIME[2025-03-29T12:18:48.247Z]]

[5] aiueo [TIME[2025-03-29T12:19:55.687Z]]