[3] 休みの日のことを、[DFN[[[休日]]]]、[DFN[[[祝日]]]]、[DFN[[[祭日]]]]、
[DFN[[[祝祭日]]]]、[DFN[[[holiday]]]] などと呼びます。

* 休日の種類

[4] [[休日]]には、[[法令]]によるもの、慣習によるもの、
団体毎・個人毎に設定されるものなど様々な根拠があります。
それぞれに異なる適用範囲や強制の度合いがあります。

[EG[
[5] 例えば[[日本国]]では[[祝日法]]によって[[国民の祝日]]が規定されています。
[[国]]や[[地方]]の機関はこれを[[休日]]としています。しかし、
企業等によっては[[国民の祝日]]も[[休日]]とはしていません。
]EG]

[EG[
[6] [[日本]]では、[[お盆]]は慣習により休日とされています。
多くの企業等では8月13日から15日を休日としています。
しかし[[法令]]に基づき設定された休日ではありません。
]EG]

[7] 休日やそれに類する[[記念日]]の区分は国や時代により異なります。
[[地方政府]]によって設定された休日は、その[[行政区画]]内でのみ実施されます。

[EG[
[11] 例えば[[アメリカ合衆国]]では、[[州]]毎に異なる[[祝日]]が設定されています。
]EG]

[EG[
[46] [[在外公館]]は、本国の[[休日]]と現地の[[休日]]の両方 (の一部) を[[休日]]とすることがあります。
]EG]

[97] [[休日]]、[[祝日]]、[[祭日]]といった語の意味は、
時代と地域によって違います。
[SEE[ 日本については[[日本の祝日]] ]]

* 休日の日付

[9] [[休日]]には、毎年実施されるものと、1回だけ実施されるものがあります。

[EG[
[10] 例えば[[日本国]]では、[[天皇]]の[[即位]]の日はその年のみ[[休日]]とされています。
]EG]

** 休日と暦法

[12] [[休日]]には、[[月日]]によって決まるもの、[[週]]や[[曜日]]によって決まるもの、
[[天文学]]的に決まるものなどがあります。

[EG[
[14] 多くの[[国]]の公的機関や企業では、[[日曜日]]が[[休日]]とされています。
]EG]

[EG[
[13] 例えば[[日本]]の[[祝日]]の1つである[[春分の日]]は、[[春分点]]の通過日の観測により決定されます。
]EG]

[60] [[休日]] (特に[[祝日]]) の中には、[[暦]]に基づき決まるものもあります。
伝統的な[[祝日]]の決定には、日常生活で使われる[[暦法]]ではなく、
伝統的な[[暦法]]が使われることがよくあります。

[EG[
[44] [[中華人民共和国]]や[[越南]]の新年の[[祝日]]は、
[[旧暦]]である[[中国式太陰太陽暦]]によって決まっています。
]EG]

;; [45] 各国政府は[[休日]]の決定のために古い[[暦]]を現在まで維持し続けている場合があります。
[[日本]]の場合は[[旧暦]]は廃止されて政府の管理下には無く、
[[旧暦]]により定まる[[祝日]]も設けられていません。

** 週の休日

[90] 
[SEE[ [[日曜日]]、[[土曜日]]、[[ハッピーマンデー]] ]]

[89] 
[SEE[ 歴史的なものは[[週]] ]]


* 各地の休日

[FIG(short list)[
- [[日本の祝日]]
- [[琉球の祝祭日]]
- [[台湾の休日]]
- [[満州国の休日]]
- [[パラオの祝日]]
- [[カナダの休日]]
- [[イラクの休日]]
- [[サウジアラビアの休日]]
- [[アフリカの休日]]
- [[統一教会の記念日]]
]FIG]

* 計算機システムにおける休日の実装

[216] [[カレンダー]]等の[[日時]]を扱うシステムや、[[休日]]かどうかによって挙動を変えるシステムなど、
[[コンピューター]]上の[[プログラム]]で[[休日]]や[[祝日]]を扱いたいことがよくあります。

;; [[ロケール]]も参照。

[217] その実装方法は、 ([[日曜日]]を除く) すべての[[休日]]の一覧表を保持する方法と、
[[祝日]]の条件のみを保持し、計算により[[休日]]を求める方法に大きく分けられます。
どちらにせよ、
法改正により頻繁な更新を予期する必要があります。
[SEE[ [[祝日データの更新]] ]]

-*-*-

[225] [[日本]]では、[[休日]]でない[[平日]]、[[休日]]でない[[土曜日]]、
[[日曜日]]その他の[[休日]]の3種類に分けて表示するのが一般的です。

[224] 過去の[[休日]]を扱いたい時は、[TIME[明治9年/1876年4月][1876-04]]以後の[[日曜日]]を[[休日]]、
[[土曜日]]を[[平日]]でも[[休日]]でもない日とするのが良いと思われます。
それ以前の[[明治時代]]は[[一六日]]を[[休日]]とするのが良いと思われます。

;; ただし明治5年までは[[旧暦]]ですから、扱いはかなり複雑になります。
[[日本の祝日]]も参照。


-*-*-

[228] 休日かどうかは、次のような場面で使われます。
[FIG(list)[
- [229] [[カレンダー]]その他[[暦]]に関する表示
- [230] [[休日]]かどうかによりアクセス傾向が異なる [[Webアプリケーション]]等の動作の切り替え
(例えば休日にアクセスが増える傾向にある[[Webサイト]]で、休日モードならデータ転送量を削減するなど。)
- [265] [[平日]]と[[休日]]で提供サービスや価格などが変わる場合の切り替え
- [58] 売上やアクセス数などのデータ分析ツールにおける[[日]]の種別の決定
- [233] 営業日を考慮した、手続きにかかる日数の予測表示
- [59] 毎営業日に実行する作業における、営業日かどうかの判定
]FIG]

[EG[
[49] [[バス]]の[[時刻表]]情報の利用には、[[平日]]ダイヤと[[休日]]・[[祝日]]ダイヤがのどちらが適用されるかを判断する必要があります。
[[GTFS]] ではどの[[日]]がどの分類に該当するかを記述できるようになっています。
]EG]

[87] 
現地政府の公式な[[祝日]]の他に、
政府機関休業日、[[銀行休業日]]、業界の休業日、
企業独自の休業日、学校の休暇など、
[[応用]]ごとに調整された[[休日]]を扱いたい場面もあります。


* メモ

[91] 
古代[[支那]]では[[半旬]]や[[旬]]の[[休日]]がありました。
[SEE[ [[旬休]] ]]

[94] [[フランス共和暦]]は[[旬]]ごとに1日を[[休日]]としていました。
[SEE[ [[フランス共和暦]] ]]


[1]
[CITE@ja[行政機関の休日に関する法律]] ([TIME[2008-10-30 06:24:20 +09:00]] 版) <http://law.e-gov.go.jp/cgi-bin/idxselect.cgi?IDX_OPT=1&H_NAME=%8d%73%90%ad%8b%40%8a%d6%82%cc&H_NAME_YOMI=%82%a0&H_NO_GENGO=H&H_NO_YEAR=&H_NO_TYPE=2&H_NO_NO=&H_FILE_NAME=S63HO091&H_RYAKU=1&H_CTG=1&H_YOMI_GUN=1&H_CTG_GUN=1>

[2] [CITE@ja[休日 - Wikipedia]]
([TIME[2010-04-24 13:04:21 +09:00]] 版)
<http://ja.wikipedia.org/wiki/%E4%BC%91%E6%97%A5>


[8] [CITE@ja[Category:各国の祝日 - Wikipedia]]
( ([TIME[2014-08-21 16:44:51 +09:00]] 版))
<http://ja.wikipedia.org/wiki/Category:%E5%90%84%E5%9B%BD%E3%81%AE%E7%A5%9D%E6%97%A5>

[15] [CITE[幕末期の暦と時刻の違いによる混乱 - かつて日本は美しかった]]
( ([TIME[2013-07-30 14:34:15 +09:00]] 版))
<http://d.hatena.ne.jp/jjtaro_maru/20130104/1357288107>

[16] [CITE[ボスニアの祝日|ボスニアを日本に広めよう、そんな日々のブログ]] <http://ameblo.jp/emaryu/entry-10001367234.html>

> ボスニアでは、戦争の後、いまだに国で統一した祝日の法律がない。

([[名無しさん]] [WEAK[2005-10-14 00:49:02 +00:00]])

[17] [CITE[中国総合ガイド>基本情報>法定祝日・伝統祭日<中国情報局>]] <http://searchina.ne.jp/basic_guide/005.html#1>

[18] [CITE[Date::Calendar::Profiles - search.cpan.org]]
([TIME[2010-05-04 08:04:30 +09:00]] 版)
<http://search.cpan.org/~stbey/Date-Calc-6.3/lib/Date/Calendar/Profiles.pod>

[FIG(amazon)[
祝日
]FIG]

[FIG(quote)[
[FIGCAPTION[
[19] [CITE@ja[民法]]
([TIME[2015-09-18 09:33:36 +09:00]] 版)
<http://law.e-gov.go.jp/htmldata/M29/M29HO089.html#1001000000006000000000000000000000000000000000000000000000000000000000000000000>
]FIGCAPTION]

> 第百四十二条  期間の末日が日曜日、国民の祝日に関する法律 (昭和二十三年法律第百七十八号)に規定する休日その他の休日に当たるときは、その日に取引をしない慣習がある場合に限り、期間は、その翌日に満了する。

]FIG]


[20] [CITE@ja[「パラリンピック期間中 小中学校休みに」と要請 NHKニュース]]
([TIME[2015-11-07 05:24:42 +09:00]] 版)
<http://www3.nhk.or.jp/news/html/20151106/k10010297021000.html>

[REFS[
- [21] [CITE@ja[国立国会図書館デジタルコレクション - 浦潮案内]] ([TIME[2016-01-06 01:37:13 +09:00]] 版) <http://dl.ndl.go.jp/info:ndljp/pid/767171/101>
]REFS]

[22] >>21 明治35年当時の[[ロシア]]の祭日一覧


[FIG(quote)[
[FIGCAPTION[
[291] [CITE@ja[ボスニア・ヘルツェゴビナ - Wikipedia]]
([TIME[2016-01-24 02:32:13 +09:00]] 版)
<https://ja.wikipedia.org/wiki/%E3%83%9C%E3%82%B9%E3%83%8B%E3%82%A2%E3%83%BB%E3%83%98%E3%83%AB%E3%83%84%E3%82%A7%E3%82%B4%E3%83%93%E3%83%8A>
]FIGCAPTION]

> ボスニア・ヘルツェゴビナでは国で統一した祝日の法律が存在しない。(イスラム教徒、セルビア人、クロアチア人の間で合意ができていないため)

]FIG]


[292] [CITE@en[Public holidays]]
([TIME[2015-08-26 10:15:29 +09:00]] 版)
<http://www.mom.gov.sg/employment-practices/public-holidays>

[293] [CITE@ja[今年のディーパバリ日付確定&2016年祝日発表 | シンガポールお役立ちブログ]]
([TIME[2016-02-15 14:50:24 +09:00]] 版)
<http://www.singaweblog.com/archives/3995>

[294] [CITE@ja[マレーシアの休日休暇2016年版カレンダーと、休日やオフィスアワーについて]]
([TIME[2016-01-01 18:10:52 +09:00]] 版)
<http://malaysiajp.com/long-stay/holiday.html>

[295] [CITE[祝祭日と主なイベント 【マレーシア政府観光局公式サイト】]]
([TIME[2015-12-24 18:16:42 +09:00]] 版)
<http://www.tourismmalaysia.or.jp/event/ev.htm>

[296] [CITE[マレーシアの祝祭日]]
([TIME[2016-02-15 14:54:09 +09:00]] 版)
<http://heartland.geocities.jp/malay_infojp/holiday>

[297] [CITE@ja[祝祭日カレンダー — 日本アセアンセンター]]
([TIME[2013-08-02 19:50:53 +09:00]] 版)
<https://www.asean.or.jp/ja/asean/know/country/brunei/tourism/calendar.html>

[298] ([TIME[2014-11-29 01:53:18 +09:00]] 版)
<https://ir.lib.hiroshima-u.ac.jp/files/public/34601/20141016202831108367/AjiaShakaiBunka-Kenkyu_14_1.pdf>

[300] [CITE[時間 を巡 る 日 中戦 争 一 満州国 ・華北傀儡政権 ・中共根拠地 の 時間 とセ レモ ニ ー 一]]
([TIME[2016-03-08 12:12:22 +09:00]] 版)
<http://ci.nii.ac.jp/els/110009685235.pdf?id=ART0010167497&type=pdf&lang=en&host=cinii&order_no=&ppv_type=0&lang_sw=&no=1457406741&cp=>

[REFS[
- [24] [CITE[満州国政府公報日譯 大同元年4月・5月分(第1号~第10号)]] ([TIME[2016-05-13 22:13:19 +09:00]]) <http://www.jacar.go.jp/DAS/meta/image_A06031008700>
]REFS]

[25] >>24 コマ49 政府機関休日

[301] [CITE@ja[香港政府、2016年の祝日を発表 旧正月は2月初旬、イースターは3月末 - 香港経済新聞]]
([TIME[2016-03-08 22:57:37 +09:00]] 版)
<http://hongkong.keizai.biz/headline/492/>

[FIG(quote)[
[FIGCAPTION[
[302] [CITE@ja[韓国で来週、突然の4連休 政府は経済効果期待、でも…:朝日新聞デジタル]]
([TIME[2016-04-30 14:09:22 +09:00]] 版)
<http://www.asahi.com/articles/ASJ4Y4VP0J4YUHBI010.html>
]FIGCAPTION]

> 韓国政府は28日の閣議で、5月6日を臨時の休日にすることを決めた。韓国でも5日は「こどもの日」の休日で4連休になる。黄金週間の突然の出現によって、政府は経済効果を期待するが、「総選挙の敗北を受けた有権者のご機嫌取り」という声も出ている。

]FIG]


[FIG(quote)[
[FIGCAPTION[
[303] [CITE@ja[韓国で来週、突然の4連休 政府は経済効果期待、でも…:朝日新聞デジタル]]
([TIME[2016-04-30 14:09:47 +09:00]] 版)
<http://www.asahi.com/articles/ASJ4Y4VP0J4YUHBI010.html>
]FIGCAPTION]

> 韓国の調査機関関係者はラジオ番組で、「昨年は臨時休日の指定で朴槿恵(パククネ)大統領の支持率が4・5%上昇した。20~30代に効果があるようだ」と語った。

]FIG]


[23] [CITE@ja[香港政府、2017年の祝日を発表 旧正月は1月末、訪日桜鑑賞は東北地方に - 香港経済新聞]]
( ([TIME[2016-05-09 23:49:06 +09:00]]))
<http://hongkong.keizai.biz/headline/646/>

[FIG(quote)[
[FIGCAPTION[
[26] [CITE@ja[自らの功績たたえ「大統領の日」=祝日制定し独裁強化-タジク:時事ドットコム]]
( ([TIME[2016-05-16 00:02:45 +09:00]]))
<http://www.jiji.com/jc/article?k=2016051500062&g=int>
]FIGCAPTION]

>  祝日は、1992年にラフモン氏が最高会議議長に選出されたことにちなみ、11月16日と決定された。法案は先月、議会で反対なく可決。政府は声明で、ラフモン氏によるタジクの平和と国家統一への「多大なる貢献と豊かな政治経験を考慮」して法案が可決されたと強調した。(2016/05/15-14:27)

]FIG]


[27] [CITE[calendar - Best free library or database to determine if a date is a US or international holiday? - Stack Overflow]]
( ([TIME[2016-05-18 23:39:45 +09:00]]))
<http://stackoverflow.com/questions/736852/best-free-library-or-database-to-determine-if-a-date-is-a-us-or-international-ho>

[28] [CITE@en[Jollyday –]]
( ([TIME[2015-04-15 04:09:30 +09:00]]))
<http://jollyday.sourceforge.net/>

[29] [CITE@en[svendiedrichsen/jollyday]]
( ([TIME[2016-05-18 23:41:18 +09:00]]))
<https://github.com/svendiedrichsen/jollyday>

[FIG(quote)[
[FIGCAPTION[
[30] [CITE@ja[タイ、20日は仏誕節の祝日 酒の販売禁止 | newsclip (ニュース、社会のニュース)]]
( ([TIME[2016-05-20 08:34:46 +09:00]]))
<http://www.newsclip.be/article/2016/05/19/29274.html>
]FIGCAPTION]

> タイでは20日金曜日が仏教の祝日「ウィサーカブーチャー(仏誕節)」で、官公庁と企業の多くは3連休となる。また、20日は酒の販売が禁止される。

]FIG]

[35] [CITE@ja[国立国会図書館デジタルコレクション - 実業の満洲]] ([[坂本辰之助]]著, [TIME[明38.10][year:1905]]) <http://dl.ndl.go.jp/info:ndljp/pid/801447/122>

[31] [CITE[日中戦争期・戦後内戦期国民党政権の記念日 政策について]]
( ([TIME[2015-06-09 09:51:08 +09:00]]))
<http://www.zinbun.kyoto-u.ac.jp/~rcmcc/shinso5.pdf>

[34] [CITE@ko[국가기록원 기록물뷰어]] ([TIME[2016-05-23 12:50:55 +09:00]]) <http://theme.archives.go.kr/next/common/viewEbook.do?singleData=N&archiveEventId=0028534553>
【令】【布告】1948.5.10を祝日とする宣言布告
【米軍政官報]米軍政官報(1948年04月27日)(1948年04月27日)

[32] [CITE@ko[국가기록원 기록물뷰어]] ([TIME[2016-05-22 21:23:03 +09:00]]) <http://theme.archives.go.kr/next/common/viewEbook.do?singleData=N&archiveEventId=0028534728>
【令】第7号祝日の宣言
【米軍政官報]米軍政官報(1948年05月28日)

[33] [CITE@ko[国家記録院ドキュメンタリービューア]] ([TIME[2016-05-23 02:05:25 +09:00]]) <http://theme.archives.go.kr/next/common/viewEbook.do?singleData=N&archiveEventId=0028304200#2>
[大統領令] 官公署の祝日に関する件(大統領令第124号)
[官報]官報第104号(1949年6月4日)(1949年06月04日)

[233] [CITE[TITLE 1: GENERAL PROVISIONS § 311. Legal Holidays.]]
([TIME[2013-12-09 15:52:42 +09:00]] 版)
<http://www.cnmilaw.org/pdf/cmc_section/T1/311.pdf>

[234] [CITE[Holidays]]
([TIME[2014-11-26 07:22:55 +09:00]] 版)
<http://fsmsupremecourt.org/WebSite/fsm/code/title01/t01ch06.htm>

[235] [CITE[P.L.2015-38 Public Holiday (Amendment) Act, 2015.]]
([TIME[2015-06-16 08:45:45 +09:00]] 版)
<http://www.rmiparliament.org/images/publications/public_laws/pl_2015-38.pdf>

[236] [CITE[Chapter 9: Public Holidays Act 1988]]
([TIME[2015-06-18 10:55:02 +09:00]] 版)
<http://www.rmiparliament.org/images/publications/mirc_2012/volume_i/Title_1_-_General_Provisions/ch9_publicholidaysact.pdf>

[237] [CITE[Public Holidays Act 1988 ''''''[''''''1 MIRC Ch.9'''''']'''''']]
([TIME[2015-10-31 08:14:58 +09:00]] 版)
<http://www.paclii.org/mh/legis/consol_act/pha1988163/>

[281] [CITE@ja[エリトリアの祭り  ~“地球にやさしい(!?)”ボランティア日記 第7話  : ばはる☆あびあど]]
([[chiarablue]] 著, [TIME[2015-12-28 23:10:45 +09:00]] 版)
<http://chiarablue.exblog.jp/16831243>

[36] [CITE[内閣総理大臣は、スケジュールや休日2491を発表しました。]]
(8月10日2491 ([TIME[2005-08-11 14:35:56 +09:00]]))
<http://www.ratchakitcha.soc.go.th/DATA/PDF/2491/D/045/2312.PDF>

[37] [CITE[	内閣総理大臣は、スケジュール営業時間を発表しました。法定休日 改正]]
(2491年5月4日 ([TIME[2005-08-11 14:31:27 +09:00]]))
<http://www.ratchakitcha.soc.go.th/DATA/PDF/2491/D/024/1618.PDF>

[38] [CITE[	内閣総理大臣は、祝日のスケジュールと作業を発表しました。改正]]
(8月20日2489 ([TIME[2006-05-17 15:38:17 +09:00]]))
<http://www.ratchakitcha.soc.go.th/DATA/PDF/2489/D/055/1130_1.PDF>

[39] [CITE[内閣総理大臣は、祝日のスケジュールと作業を発表しました。改正]]
(2488年12月25日 ([TIME[2005-08-11 14:24:21 +09:00]]))
<http://www.ratchakitcha.soc.go.th/DATA/PDF/2488/D/072/1955.PDF>

[40] [CITE[岸幸一コレクション目録検索KC001130 布告第二六号 祭日ニ関スル件 昭和17年8月1日]]
([TIME[2016-06-25 22:25:21 +09:00]])
<http://d-arch.ide.go.jp/infolib5/meta_pub/G0000008KISHIDB_KC001130>


[FIG(quote)[
[FIGCAPTION[
[41] [CITE@ja[祝日のない6月に「オリジナル祝日」制定、出勤したら「解雇」・・・こんなのアリ? - 弁護士ドットコム]]
([TIME[2016-06-27 00:17:05 +09:00]])
<https://www.bengo4.com/c_5/n_4819/>
]FIGCAPTION]

> ツイッターに投稿された画像によると、この企業は「6月には祝日が存在せず、大変疲れるため、明日6月17日(金)をオリジナル祝日『なんでも溶かすキックの日』とし、休暇とする」という張り紙をした。この張り紙にはまた、「休暇中に出勤した者は解雇処分とする」と記されていた。
> この企業は、毎年6月に「祝日が一日もない」ため、オリジナルの祝日を制定することが恒例となっているようだ。過去には「国民の屁の日」(2011年)といった名称をつけた祝日もあったという。

]FIG]


[42] [CITE[Sabah LawNet 2011]]
([TIME[2016-07-09 17:33:02 +09:00]])
<http://www.lawnet.sabah.gov.my/Lawnet/SabahLaws/StateLaws/viewdoc.aspx?document=HolidaysOrdinance.pdf>

[43] [CITE[Compiler of Laws]]
([TIME[2009-02-10 12:48:20 +09:00]])
<http://www.guamcourts.org/compileroflaws/GCA/title1.html>

[44] [CITE[General Provisions - Title 1]]
([TIME[2015-07-26 13:05:29 +09:00]])
<http://www.paclii.org/pw/legis/consol_act/gpt1262/>

[45] ([TIME[2015-02-12 15:34:00 +09:00]])
<http://www.cnmilaw.org/pdf/ttc/t1.pdf>

[46] [CITE[FSMCodeTit01Chap06]]
([TIME[2015-12-23 13:29:27 +09:00]])
<http://www.fsmlaw.org/fsm/code/code2014/FSMCode2014Tit01Chap06.html>

[47] [CITE[Legal Holidays]]
([TIME[2016-01-08 08:46:47 +09:00]])
<http://www.fsmlaw.org/chuuk/code/title01/T01_Ch03.htm>

[48] [CITE[Holidays and Observances]]
([TIME[2016-01-14 12:02:22 +09:00]])
<http://www.fsmlaw.org/yap/code/title01/T01_Ch08.htm>

[49] [CITE[Public Holidays Act 1988 '''['''1 MIRC Ch.9''']''']]
([TIME[2016-03-02 07:46:26 +09:00]])
<http://www.paclii.org/mh/legis/consol_act/pha1988163/>

[50] [CITE[General Provisions '''['''Title 1''']''']]
([TIME[2016-04-05 07:54:46 +09:00]])
<http://www.paclii.org/fm/legis/consol_act_2014/gp201/>

[51] [CITE[General Provisions '''['''Title 1''']''']]
([TIME[2016-04-05 07:54:46 +09:00]])
<http://www.paclii.org/fm/legis/consol_act_2014/gp201/>

[FIG(quote)[
[FIGCAPTION[
[52] [CITE@ja[12日が祝日に、イスラム犠牲祭の日付確定 - NNA ASIA]]
(2016/09/07(水) [TIME[2016-09-07 10:36:58 +09:00]])
<http://www.nna.jp/articles/show/1503896>
]FIGCAPTION]

> フィリピンの大統領府は、イスラム教の犠牲祭(イドル・アドハ)に当たる9月12日(月)を正式に国民の祝日(レギュラー・ホリデー)にすると発表した。
> 犠牲祭は、共和国法第9849号により国民の祝日と定められており、太陰暦に基づくイスラム暦(ヒジュラ暦)に従って、大統領が日付を確定する。国家ムスリム・フィリピン人委員会(NCMF)は、今年は12日を犠牲祭の日に推薦していた。
> マレーシアやインドネシアも、同日を祝日に設定している。

]FIG]


[FIG(quote)[
[FIGCAPTION[
[53] [CITE@ja[台湾蔡英文総統、「週休2日、年内に法改正を」 | DIGIMA NEWS]]
([TIME[2016-10-06 11:06:28 +09:00]])
<https://www.digima-news.com/20161004_7663>
]FIGCAPTION]

> 蔡英文総統は3日に開いた「執政政策協調会議」で、懸案となっている労働時間の問題で週休2日制の完全実施と国定祝日の統一の方針を表明、年内に労動基準法改正を実現するよう指示した。
> 早ければ11月中にも法改正する。国定祝日の統一は公務員、教員らは週休2日制完全で国定祝日は労働者より少なく、公務員と労働者の祝日が違うため、国定祝日は一律に休日とすることを目指す。

]FIG]


[FIG(quote)[
[FIGCAPTION[
[54] [CITE@ja[安息日 | くーろのBLOG]]
( ([TIME[2016-10-07 21:52:57 +09:00]]))
<https://kuhrosuite10.wordpress.com/2004/10/22/%e5%ae%89%e6%81%af%e6%97%a5/>
]FIGCAPTION]

> 安息日が、ムスリムにとっては金曜日、ユダヤ教徒にとっては土曜日、キリスト教徒にとっては日曜日だということはおおまかには知っていたがl週休二日制などはどうなっているのだろうと疑問に思い、少し調べてみた。
>                     安息日    位置付け            週休二日制
>       イスラム教 金曜日 マホメットがメッカを脱出した日  木曜日・金曜日
>       ユダヤ教  土曜日 神が休息した日          金曜日・土曜日
>       キリスト教  日曜日 キリストが復活した日       土曜日・日曜日
> イスラム教・ユダヤ教の安息日は、前日の日没から当日の日没まで。キリスト教の安息日は当日の0時から24時まで。
> 異なる宗教が共存する都市や地方においては、それぞれの宗教に応じて商店の休みの日がばらばらになる。イスラム教徒の商店は金曜日が休み、ユダヤ教徒の商店は土曜日が休み、キリスト教徒の商店は日曜日が休み、というように混在する。
> 日本で日曜日が休日という欧米キリスト教国の習慣が採用されたのは、明治9年(1876)4月24日で、土曜日が半ドン(休日半日)になったのもこのとき。
> 以上、「インフォマット」 補足説明の頁 <http://www.interq.or.jp/www1/infomat/info55000.htm> による。

]FIG]


[FIG(quote)[
[FIGCAPTION[
[55] [CITE@jp[ロシアの休日と祝日]]
( ([[Sputnik]]著, [TIME[2016-10-26 23:12:49 +09:00]]))
<https://jp.sputniknews.com/podcasts_archive/201610252942202/>
]FIGCAPTION]

> 今のロシアの祝日には過去にその源をもつ伝統的な祭日とソ連の崩壊後に新たに誕生したものの2つがある。ほぼ毎日のようにある膨大な数の祝日のうち、国の定めた祝日だけが休日扱いとなる。

]FIG]


[FIG(quote)[
[FIGCAPTION[
[56] [CITE[駐日エチオピア大使館|EMBASSY OF THE FEDERAL DEMOCRATIC REPUBLIC OF ETHIOPIA,TOKYO,JAPAN| 大使館のご案内 «]]
( ([[Embassy of Ethiopia]]著, [TIME[2016-11-28 22:27:22 +09:00]]))
<http://www.ethiopia-emb.or.jp/front/chancery/>
]FIGCAPTION]

> 日本およびエチオピアの休日は大使館を閉館します。

]FIG]

[FIG(quote)[
[FIGCAPTION[
[547] [CITE[現国王が4月24日に即位式、国民祝日に | マレーシアニュース | マレーシアナビ!]]
(2017年04月05日 15:38 JST配信 ([TIME[2017-04-05 23:22:38 +09:00]]))
<http://www.malaysia-navi.jp/news/?mode=d&i=6112>
]FIGCAPTION]

> 連邦政府は、現国王(ヤン・ディ・ペルトゥアン・アゴン)スルタン・ムハンマド5世が即位式を開催する4月24日を追加で国民祝日にすると発表した。同日にはクアラルンプール(KL)のイスタナ・ネガラ(王宮)で即位式典が開催される。
> 半島部と連邦直轄地であるラブアンは「1951年祝日法」に則って4月24日が祝日となり、民間企業や公共機関は被雇用者に休みをとらせる必要がある。アリ・ハムサ政府官房長官によると、法律制定後にマレーシアに統合されたサバ、サラワク州については、各州の法律に則って祭日とすることを各州政府に指示したという。

]FIG]


[548] [CITE[Federal Holidays]]
([TIME[2017-04-06 19:22:01 +09:00]])
<http://aa.usno.navy.mil/faq/docs/holidays.php>

[FIG(quote)[
[FIGCAPTION[
[50] [CITE@ja[「聖金曜日」と「国家の祝日」論争 | オピニオンの「ビューポイント」]]
( ([TIME[2017-04-13 11:35:24 +09:00]]))
<https://vpoint.jp/column/confidential/85597.html>
]FIGCAPTION]

>  オーストリアでは「聖金曜日」を法的祝日と認知されているのはプロテスタント教会だけだ。だから、プロテスタント信者の労働者がその日、仕事をすれば当然、祝日手当が出る。通常、時給は平日の倍だ。一方、大多数のローマ・カトリック教会信者の労働者にとっては「聖金曜日」は祭日だが、祝日となっていない(オーストリアは1934年、バチカンとの間で宗教条約を締結済み)。だから、その日に働いたとしても特別手当は支給されない。

]FIG]


[551] [CITE@en-gb[MINISTRY OF COMMERCE, INDUSTRY AND LABOUR - PUBLIC HOLIDAYS]]
([[Paze]]著, [TIME[2017-06-20 00:08:35 +09:00]])
<http://www.mcil.gov.ws/index.php/en/publication/public-holidays>

[552] [CITE@en-gb[1.0501 Public holidays.]]
([[Super User]]著, [TIME[2017-06-22 21:58:07 +09:00]])
<http://www.asbar.org/index.php?option=com_content&view=article&id=9988&catid=122&Itemid=172>

[FIG(quote)[
[FIGCAPTION[
[553] [CITE@JA[10月2日の臨時公休日指定を検討 最長10日間の連休に | 社会/ニュース/ニュース/KBS World Radio]]
([TIME[2017-07-08 11:48:03 +09:00]])
<http://world.kbs.co.kr/japanese/news/news_Dm_detail.htm?lang=j&id=Dm&No=64253&current_page=>
]FIGCAPTION]

> 今年の旧暦のお盆、秋夕(チュソク)の連休は、3日の火曜日から振り替え休日となる6日の金曜日までですが、2日を臨時公休日に指定すれば、土曜日の9月30日からハングルの日の9日まで最長10日間の連休が可能となります。
> 臨時公休日は、関連官庁が指定を要請をすれば、閣議決定と大統領の承認を経て指定することができます。 
> 臨時公休日の指定は法的拘束力はなく、役所や公共機関、学校は休みとなりますが、民間企業は自主的に休日にするかどうかを決めることになります。

]FIG]


[554] ([TIME[2014-12-02 14:20:46 +09:00]])
<https://crownlaw.gov.to/cms/images/LEGISLATION/PRINCIPAL/1919/1919-0008/PublicHolidaysAct_1.pdf>

[FIG(quote)[
[FIGCAPTION[
[555] [CITE@ja[来年の祝日発表、17年より1日増え計18日 - NNA ASIA・フィリピン・社会・事件]]
([TIME[2017-07-22 11:37:04 +09:00]])
<https://www.nna.jp/news/show/1637901>
]FIGCAPTION]

> 大統領府はこのほど、来年の国民の祝日(レギュラー・ホリデー)と全国が対象となる特別休日(スペシャル・ノンワーキング・デー)を定める大統領布告第269号を公布した。日数は計18日。このうち3日が土日に重なるが、祝日、連休ともに17年より多くなった。
> 布告によると、11月2日(万聖節の翌日)と12月24日(クリスマスの前日)は、家族と過ごし、国内旅行産業を後押しするための追加休日(特別休日)に指定された。

]FIG]


[FIG(quote)[
[FIGCAPTION[
[556] [CITE[Fiji Government Online Portal - 2017 FIJI PUBLIC HOLIDAYS]]
([TIME[2017-08-30 23:01:52 +09:00]])
<http://www.fiji.gov.fj/Events/2016-FIJI-PUBLIC-HOLIDAYS.aspx>
]FIGCAPTION]

> Government has approved the public holidays for 2017 through a Gazette Notice No. 68. The dates of the 2017 public holidays are as follows:
> 1. New Year’s Day – Monday, 2nd January
> 2. Good Friday – Friday, 14th April
> 3. Easter Saturday – Saturday, 15th April
> 4. Easter Monday – Monday, 17th April
> 5. National Sports and Wellness Day – Friday, 30th June
> 6. Constitution Day – Thursday, 7th September
> 7. Fiji Day – Tuesday, 10th October
> 8. Diwali – Thursday, 19th October
> 9. Prophet Mohammed’s Birthday – Monday, 4th December
> 10. Christmas Day – Monday, 25th December
> 11. Boxing Day – Tuesday, 26th December

]FIG]


[FIG(quote)[
[FIGCAPTION[
[57] [CITE@ja[韓国政府が「釈迦誕生日」の名称変更決定 仏教界の要請受け-Chosun online 朝鮮日報]]
([TIME[2017-10-11 10:09:46 +09:00]])
<http://www.chosunonline.com/site/data/html_dir/2017/10/10/2017101001366.html>
]FIGCAPTION]

> 韓国政府は10日の閣議で、祝日である「釈迦誕生日」(旧暦4月8日)の正式名称を「プチョニム(仏様)がいらっしゃった日」に変更することを決定した。釈迦誕生日は1975年1月の大統領令で祝日と定められた。
>  仏教界は、「釈迦」という単語は「シャカ」という古代インドの特定民族の名称を漢字で表記したもので仏様を指すのに適しておらず、純粋な韓国語である「プチョニム」を用い「仏様がいらっしゃった日」とするのが漢字語をハングル化する風潮に沿うものだと訴え、今年2月に名称の変更を政府に要請していた。

]FIG]


[FIG(quote)[
[FIGCAPTION[
[559] [CITE[Interpretation Act 2004]]
([TIME[2017-02-10 08:11:15 +09:00]])
<http://www.paclii.org/nu/legis/consol_act/ia2004191/>
]FIGCAPTION]

> "holiday" means Sunday, Christmas Day, Boxing Day, New Year’s Day, 2 January, Good Friday, Easter Monday, 25 April, the Sovereign’s Birthday, the third Monday and Tuesday of October, the fourth Monday of October, and any day declared by the Cabinet as a public holiday;
> 

]FIG]


[FIG(quote)[
[FIGCAPTION[
[560] [CITE[Niue - Consolidated Legislation - Chronological Table of Statutes]]
([TIME[2015-12-17 08:00:11 +09:00]])
<http://www.paclii.org/nu/indices/legis/Statutes_Chron_2006%20_Laws.html>
]FIGCAPTION]

> 1961
> 11
> Public Holidays
> Repealed by 2004/269

]FIG]


[FIG(quote)[
[FIGCAPTION[
[561] [CITE@ja[1月23日を祝日化、第一共和国樹立を祝い - NNA ASIA・フィリピン・社会・事件]]
([TIME[2018-04-11 12:36:11 +09:00]])
<https://www.nna.jp/news/show/1748243>
]FIGCAPTION]

> フィリピンのドゥテルテ大統領は、1月23日を祝日(スペシャル・ワーキング・ホリデー)とする共和国法第110141号に5日付で署名した。300年以上にわたるスペイン支配から独立を果たした日として、1899年のフィリピン第一共和国樹立を祝う。

]FIG]


[562] [CITE@ja[祝日が決まるのがギリギリ。イスラム暦はつらいよ。 | 進め!中東探検隊]]
([TIME[2018-04-22 18:15:05 +09:00]])
<http://seiwanishida.com/archives/464>

[FIG(quote)[
[FIGCAPTION[
[563] [CITE@ja[マレーシアで政権交代 マハティール元首相の野党連合が総選挙勝利 - BBCニュース]]
(2018年05月10日 [TIME[2018-05-11 23:09:03 +09:00]])
<http://www.bbc.com/japanese/44063916>
]FIGCAPTION]

> 選管発表の後、政府報道官は10日と11日を国全体の祝日にすると発表した。

]FIG]


[564] [CITE[国务院关于修改《全国年节及纪念日放假办法》的决定(国务院令第513号)_中华人民共和国中央人民政府门户网站]]
([TIME[2018-05-16 17:43:41 +09:00]])
<http://www.gov.cn/zhengce/2007-12/16/content_2602497.htm>

[565] [CITE[国务院关于修改《全国年节及纪念日放假办法》的决定(国令第644号)_政府信息公开专栏]]
([TIME[2018-05-16 17:45:30 +09:00]])
<http://www.gov.cn/zhengce/content/2014-01/02/content_1183.htm>

[FIG(quote)[
[FIGCAPTION[
[566] [CITE@ja[東京五輪の祝日大移動、ATMなどの営業日判定に影響  :日本経済新聞]]
([TIME[2018-06-16 14:11:58 +09:00]])
<https://www.nikkei.com/article/DGXMZO30386640R10C18A5000000/>
]FIGCAPTION]

> 平日と休日で運転計画の異なる金融機関のATMや小売りの営業日判定、自治体の開庁日判定などのシステムで、平日/休日を切り替えるなどカレンダーテーブルを修正する必要がある。[SNIP[]]
>  システム対応に当たり、20年限定の祝日移動である点に注意が必要だ。山の日を例にとると、20年に8月10日を祝日に、11日を平日に正しく切り替えたとしても、21年にも修正が必要になる。21年には山の日が8月11日に戻り、8月10日を平日に、8月11日を祝日に切り替える必要がある。対応を誤ると、ATMで手数料を誤って徴収してしまうなどのトラブルが起こる可能性がある。

]FIG]


[FIG(quote)[
[FIGCAPTION[
[567] [CITE@ja[タリバン、3日間の停戦を解除 ラマダン明けの祝日終了で アフガニスタン - BBCニュース]]
([TIME[2018-06-19 13:22:18 +09:00]])
<http://www.bbc.com/japanese/44516686>
]FIGCAPTION]

> イスラム教の断食月(ラマダン)の終わりを祝うイド・アル=フィトルに当たる15日から週末にかけてアフガニスタン政府軍との戦闘を停止していたが、17日夜に攻撃を再開するよう指示したと発表した。

]FIG]


[568] [CITE@en[Papers Past | The Southland Times. FRIDAY, FEBRUARY 7, 1868. (Southland Times, 1868-02-07)]]
([[National Library of New Zealand]]著, [TIME[2018-07-01 13:56:05 +09:00]])
<https://paperspast.natlib.govt.nz/newspapers/ST18680207.2.6>

[569] [CITE[BOOKSG]]
([TIME[2016-01-05 11:03:00 +09:00]])
<http://eservice.nlb.gov.sg/data2/BookSG/publish/c/ce59d58b-15cd-4b87-8b73-55b3c2925792/web/html5/index.html?opf=tablet/BOOKSG.xml&launchlogo=tablet/BOOKSG_BrandingLogo_.png&pn=175>

[570] [CITE@ja[神戸新聞NEXT|総合|秋祭り=学校休み 姫路の慣例、全国では少数派]]
([TIME[2018-10-09 00:53:29 +09:00]])
<https://www.kobe-np.co.jp/news/sougou/201810/0011709365.shtml>

[71] [CITE[【ロシア】クリミア等を編入した日を記念日に制定する法改正]]
([TIME[2018-11-14 15:23:51 +09:00]])
<http://dl.ndl.go.jp/view/download/digidepo_11179148_po_02770208.pdf?contentNo=1>

[88] [CITE@ja[新旧教会の「聖金曜日」巡る祝日論争 | オピニオンの「ビューポイント」]]
([TIME[2019-01-24 23:16:31 +09:00]])
<https://vpoint.jp/column/confidential/128837.html>

[92] [CITE@ja[ベトナム、祝日の追加を検討―2月27日を「功労感謝の日」に '''['''生活''']''' - VIETJOベトナムニュース]]
([TIME[2019-04-02 10:58:45 +09:00]])
<https://www.viet-jo.com/news/life/190401191747.html>

[93] [CITE@ja[ベトナム、祝日追加せず―「功労感謝の日」制定は見送り '''['''社会''']''' - VIETJOベトナムニュース]]
([TIME[2019-04-04 09:54:48 +09:00]])
<https://www.viet-jo.com/news/social/190403181938.html>

[61] [CITE@en[commenthol/date-holidays: worldwide holidays]]
([TIME[2019-05-16 20:22:21 +09:00]])
<https://github.com/commenthol/date-holidays>

[62] [CITE@zh-hk[GovHK 香港政府一站通:2019年公眾假期]]
([[GovHK (www.gov.hk)]]著, [TIME[2019-05-18 23:35:04 +09:00]])
<https://www.gov.hk/tc/about/abouthk/holiday/2019.htm>

[63] [CITE@zh-hk[GovHK 香港政府一站通:2020年公眾假期]]
([[GovHK (www.gov.hk)]]著, [TIME[2019-05-18 23:36:37 +09:00]])
<https://www.gov.hk/tc/about/abouthk/holiday/2020.htm>

[64] [CITE@en-US[Proclamation No. 729 s. 2019 | Official Gazette of the Republic of the Philippines]]
([TIME[2019-05-31 09:57:52 +09:00]])
<https://www.officialgazette.gov.ph/2019/05/28/proclamation-no-729-s-2019/>

[65] [CITE[カンボジアの祝日数が年間28日から22日に変更[社会]]]
([TIME[2019-08-09 09:41:21 +09:00]])
<http://business-partners.asia/cambodia/syakai-20190808/>

[66] [CITE@ja[20年のテト休暇は7連休、労働省が2案を意見聴取 '''['''生活''']''' - VIETJOベトナムニュース]]
([TIME[2019-08-27 09:54:16 +09:00]])
<https://www.viet-jo.com/news/life/190826192642.html>

[67] [CITE@ja[弁護士 雨のち晴れブログ : 法律上の「休日」とは 裁判所の休日に関する法律、行政機関の休日に関する法律、国民の祝日に関する法律、天皇の即位の日等を休日とする法律等を眺めてみる]]
([TIME[2019-09-11 12:11:50 +09:00]])
<http://blog.livedoor.jp/kosekeito/archives/saibansyo-kyuujitu.html>

[68] ([TIME[2018-11-25 11:13:38 +09:00]])
<http://www16.plala.or.jp/bouekitousi/sub10.html>

[69] [CITE@ja[「家族の日」の祝日化、国会に提案へ - NNA ASIA・ベトナム・政治]]
([TIME[2019-11-08 23:16:43 +09:00]])
<https://www.nna.jp/news/show/1971350>

[70] [CITE@ja[6月28日の「ベトナム家族の日」を祝日に追加、国会議員も賛意―労働法改正案 '''['''社会''']''' - VIETJOベトナムニュース]]
([TIME[2019-11-08 23:17:29 +09:00]])
<https://www.viet-jo.com/news/social/191025080129.html>

[95] [CITE@ja[建国記念日の祝日を2日間に、5連休の可能性も '''['''法律''']''' - VIETJOベトナムニュース]]
([TIME[2019-11-22 09:56:11 +09:00]])
<https://www.viet-jo.com/news/law/191119185729.html>

[96] [CITE@ja[改正労働法が可決、祝日追加・定年年齢引き上げなど '''['''法律''']''' - VIETJOベトナムニュース]]
([TIME[2019-11-22 23:08:13 +09:00]])
<https://www.viet-jo.com/news/law/191121103949.html>

[98] [CITE@ja[改正労働法が公布、定年延長や祝日増を規定 - NNA ASIA・ベトナム・マクロ・統計・その他経済]]
([TIME[2019-12-18 08:33:59 +09:00]])
<https://www.nna.jp/news/show/1987714>

[99] [CITE@ja[2020年の祝日・休暇は14日、テト7連休・南部解放記念日とメーデー4連休 '''['''生活''']''' - VIETJOベトナムニュース]]
([TIME[2019-12-29 11:27:34 +09:00]])
<https://www.viet-jo.com/news/life/191226173819.html>

[72] ([TIME[2018-05-24 10:37:43 +09:00]])
<http://lawnet.sarawak.gov.my/lawnet_file/Ordinance/ORD_PublicHoliday%20Lawnet.pdf>