[106] [DFN[[RUBY[曜日][ようび]]]]は、[[週]]における[[日]]、あるいはその名前です。

* 仕様書

[REFS[
- [98] '''[[ISO 8601:2004]]'''
- [105] [[JIS X 0301:2002]]
]REFS]

* 名前と番号

[104] [[暦週]]における[[暦週]]の名前は次のように定められています。これは一般的には[[曜日]]と呼ばれています。

[FIG(table)[
:n:[[週]]内の[[日]]の[[順序数]] [SRC[>>98 Table 1, >>98 4.1.4.1]]
:en: [[暦日]]の名前 ([[英語]]) [SRC[>>98 Table 1]]
:ja: [[暦日]]の名前 ([[日本語]]) [SRC[>>105 表2]]
:cc: [[切支丹暦]] [SRC[>>49]]
:ldml: [[LDML]] [[属性値]] [SEE[ [[LDML/CLDR週]] ]]
:ノジ暦: [[ノジ暦]]

:n:[N[1]]
:en:[[Monday]]
:ja:[[月曜日]]
:cc:
[[せくんだ]]
:ldml:[CODE[mon]]
:ノジ暦:2bia'n

:n:[N[2]]
:en:[[Tuesday]]
:ja:[[火曜日]]
:cc:[[てるしゃ]]
:ldml:[CODE[tue]]
:ノジ暦:3bia'n

:n:[N[3]]
:en:[[Wednesday]]
:ja:[[水曜日]]
:cc:[[くわるた]]
:ldml:[CODE[wed]]
:ノジ暦:4bia'n

:n:[N[4]]
:en:[[Thursday]]
:ja:[[木曜日]]
:cc:[[きんた]]
:ldml:[CODE[thu]]
:ノジ暦:5bia'n

:n:[N[5]]
:en:[[Friday]]
:ja:[[金曜日]]
:cc:[[せすた]]
:ldml:[CODE[fri]]
:ノジ暦:6bia'n

:n:[N[6]]
:en:[[Saturday]]
:ja:[[土曜日]]
:cc:[[さばと]]
:ldml:[CODE[sat]]
:ノジ暦:7bia'n

:n:[N[7]]
:en:[[Sunday]]
:ja:[[日曜日]]
:cc:
[RUBY[[[度身旡伍]]][どみんご]]、
[[とみにか]]
:ldml:
[CODE[sun]]
:ノジ暦:1bia'n

]FIG]

[59] その他:
[[TOPS-10の日時形式]],
[[Templar calendar]]

[32] 
[[週初]]も参照。

[REFS[
- [49] [CITE[暦と時の事典]] p.63 [CSECTION[[RUBY[切支丹暦][きりしたんごよみ]]]]
]REFS]

[61] 
[CITE@ja[イスクイル 4 (v.0.19) で日付・時刻を表す - リムナンテスは愉快な気分]], [TIME[2023-04-05T11:55:50.000Z]] <https://limnanthaceae.hatenablog.com/entry/2021/05/13/003000>

>イスクイルでは日時を表す時に「ある期間における何番目」という表現をします。
>
例えば「午前8時」なら「1日のうちの8番目の時刻」ですし、「水曜日」なら「週の3番目の日」、「5月20日」なら「5月の20番目の日」です。


-[64] 
[CITE@ja[Xユーザーのシャポコ🌵さん: 「軽い気持ちで調べ始めたらグロい表ができた https://t.co/2WKVdFtn0a」 / X]], [TIME[午前5:23 · 2024年4月24日][2024-04-23T20:23:00.000Z]], [TIME[2024-04-24T02:45:25.000Z]] <https://twitter.com/shapoco/status/1782867792901152788>
-[65] [CITE@ja[Xユーザーのみずいろフォルダーさん: 「@shapoco Rust は 4つすべてあるっぽい。 num_days_from_sunday(&amp;self) が日曜日が 0 の 0~6 (JS)。 num_days_from_monday(&amp;self) が月曜日が 0 の 0~6 (Python)。 number_from_sunday(&amp;self) が日曜日が 1 の 1~7 (Excel default)。 number_from_monday(&amp;self) が月曜日が 1 の 1~7 (ISO)。」 / X]], [TIME[午前11:01 · 2024年4月24日][2024-04-24T02:01:20.000Z]], [TIME[2024-04-24T02:45:25.000Z]] <https://twitter.com/MizuiroFolder/status/1782952936638976161>
- [66] [CITE@ja[Xユーザーのmichio inoue l MATLAB の中の人さん: 「@shapoco MATLAB が iso-dayofweek (1 が月曜日) もサポートしたのは MATLAB R2023a からですね。比較的最近だった👀」 / X]], [TIME[午前8:55 · 2024年4月24日][2024-04-23T23:55:32.000Z]], [TIME[2024-04-24T02:45:25.000Z]] <https://twitter.com/michio_MWJ/status/1782921279399760357>
- [67] 
[CITE@ja[Xユーザーのふっきー@FileMakerさん: 「@shapoco FileMaker(DayOfWeek) 1〜7 日曜始まり」 / X]], [TIME[午前9:12 · 2024年4月24日][2024-04-24T00:12:28.000Z]], [TIME[2024-04-24T02:45:25.000Z]] <https://twitter.com/fukky/status/1782925541185925530>
- [69] [CITE@ja[Xユーザーの桐箱ジェンガマンさん: 「Pythonはdatetime.isoweekday使えば月曜始まりの1-7だから…(震え声)」 / X]], [TIME[午前7:40 · 2024年4月24日][2024-04-23T22:40:38.000Z]], [TIME[2024-04-24T02:45:25.000Z]] <https://twitter.com/DHQD2_PHAL/status/1782902428586897786>
- [71] 
[CITE@ja[Xユーザーの大前良介さん: 「え?って思って調べたら(Java) CalendarのDAY_OF_WEEKは日曜始まりのSUNDAY=1 DayOfWeekは月曜始まりでMONDAY=1 なのね DayOfWeekはISO 8601に従っていると」 / X]], [TIME[午前8:52 · 2024年4月24日][2024-04-23T23:52:35.000Z]], [TIME[2024-04-24T02:45:25.000Z]] <https://twitter.com/ryo_mm2d/status/1782920534545891655>
- [72] 
[CITE@ja[Xユーザーのにょもこさん: 「crontabは日曜始まりで0〜7(0と7が日曜日)😇」 / X]], [TIME[午前8:40 · 2024年4月24日][2024-04-23T23:40:06.000Z]], [TIME[2024-04-24T02:45:25.000Z]] <https://twitter.com/tmkymd_/status/1782917395428093965>



[70] >>64 リプ欄、 [[Excel]] は引数で挙動を切り替えられるってだけなのに、
1つのソフトで統一できてない糞仕様だと誤読してる情弱が何人もいて草



[68] 
[CITE@ja[Xユーザーののーさん: 「昔Can⚪︎nの電子辞書のお仕事の下請けでサブ機能のカレンダーやメモ部分のプログラムをしてた。日本は「月月火水木金金」で日曜始まりのイメージがあるが欧米では「神は6日間で天地創造して7日目を休息日にした」ので日曜エンドのイメージやで、どっちで実装すんの?って聞いた結果、選択式になった。」 / X]], [TIME[午前10:29 · 2024年4月24日][2024-04-24T01:29:47.000Z]], [TIME[2024-04-24T02:45:25.000Z]] <https://twitter.com/namcat/status/1782944996582445355>


* 基準点

[4] [[週暦]]における参照点として、
[[2000年1月1日]]が[[土曜日]] [SRC[>>98 3.2.2, >>105 4.3.2.2]] と定義されています。

* 日本の法律における曜日

[108] [[日本国]]の[[法令]]でもしばしば[[曜日]]が条文に登場していますが、
[[曜日]]そのものを定義する[[法令]]は存在していないようです。

[14] [[太政類典]]の明治6年からの改暦の詔書 ([[明治5年]]/1872年) 
には、明治6年1月1日から2月13日までの[[暦]]が収録されており、
各日の[[曜日]]も記載されています [SRC[>>15]]。
他の年の[[暦]]にも[[曜日]]が明示されていたものと思われます。

[10] 明治9年[[太政官達]]第27号 (1876年) は[[日曜日]]を ([[政府機関]]の) [[休日]]とするものですが、
ここでは定義なく「[[日曜日]]」や「[[土曜日]]」が使われています。

[16] 現在の[[公式な暦][日本の暦]]は[[国立天文台]]の発行する[[暦要項]]とされています。
[[暦要項]]には、[[日曜表]]があり、どの[[日]]が[[日曜日]]なのかが示されています。

[17] まとめると、現在の日本の法令上は、[[日曜日]]がいつであるかは 
(その[[年]]の[[暦要項]]の[[公示]]後は) 明確ですが、
その他の[[日]]が何曜日であるかは明文化されていない慣習ということになるのかもしれません。

[REFS[
- [15] [CITE[太陰暦ヲ廃シ太陽暦ヲ行フ附詔書]]
[CITE[国立公文書館 デジタルアーカイブ 画像データ表示]] ([TIME[2015-10-17 21:32:15 +09:00]] 版) <http://www.digital.archives.go.jp/DAS/meta/listPhoto?KEYWORD=&LANG=default&BID=F0000000000000000349&ID=M0000000000000841660&TYPE=&NO=>
- [11] [CITE@ja[來ル四月ヨリ日曜日ヲ以テ休暇ト定ム - Wikisource]]
([TIME[2009-07-01 17:54:16 +09:00]] 版)
<http://ja.wikisource.org/wiki/%E4%BE%86%E3%83%AB%E5%9B%9B%E6%9C%88%E3%83%A8%E3%83%AA%E6%97%A5%E6%9B%9C%E6%97%A5%E3%83%B2%E4%BB%A5%E3%83%86%E4%BC%91%E6%9A%87%E3%83%88%E5%AE%9A%E3%83%A0>
]REFS]

;; [109] 公的なものとしては、[[JIS X 0301]] の定義があります (>>4)。
しかしあくまで[[日本工業規格]]ですから、法令上の[[曜日]]の定義とは言いがたいものです。

* ISO 8601 における曜日

[110] [[ISO 8601]] では[[週]]の[[暦日]]は、1桁の[[数字]]によって表します [SRC[>>98 4.1.4.1]]。

* 暦法と曜日

[36] [[曜日]]を[[西暦]]、[[ユリウス暦]]、[[グレゴリオ暦]]などの一要素と捉えることがあります。
考え方次第なので誤りとはいえませんが、これらの[[暦法]]の[[年月日]]構造と[[週]]・[[曜日]]の構造は完全に独立しており、
起源も異なります。

[37] [[週]]や[[曜日]]の構造を独立した[[暦法]]とみなし、[[週暦]]などと呼ぶことがあります。

* 換算

[25] 
[[グレゴリオ暦]]の[[日付]]から[[曜日]]への[[換算][暦の換算]]の方法として、
[[ツェラーの公式]]が知られています。

[26] 
[[ユリウス日]]など[[通日]]の[[剰余]]を求める方法も簡便で、
[[計算機]]処理などで用いられています。

* 差異

[6] 元々日本の[[曜日]]は西洋の[[曜日]]と同じものでしたが、
やがて混乱して江戸時代頃には[[京]]と[[江戸]]で[[曜日]]にずれが生じていたといいます。

[47] 
[[会津暦]]には、
当時の[[関東]]での[[曜日]]、
すなわち3日進み本来の[[木曜日]]が[[日曜日]]になる[[曜日]]が記載されていました。
[[貞享暦]]改暦後正しいものとなりました。
[SRC[>>48 p.1]]

[58] 
その他[[中世]]後期には[[日本]]各地で異なる[[七曜]]が使われていたことが知られています。


[28] [[太平天国]]では西洋より1日進んでいたようです [SRC[>>19]]。

[5] [[ブータン暦]]でも1日進んでいるようです。

[REFS[
- [48] [CITE[[[暦と時の事典]]]]

[FIG(quote)[
[FIGCAPTION[
[19] [CITE@ja[suchowan's UniWiki Calendar/When/Exe/暦説明/本編/中国/太陽暦/太平天国暦]]
([TIME[2016-02-08 00:04:15 +09:00]] 版)
<http://hosi.org/u/wiki.cgi?Calendar%2FWhen%2FExe%2F%E6%9A%A6%E8%AA%AC%E6%98%8E%2F%E6%9C%AC%E7%B7%A8%2F%E4%B8%AD%E5%9B%BD%2F%E5%A4%AA%E9%99%BD%E6%9A%A6%2F%E5%A4%AA%E5%B9%B3%E5%A4%A9%E5%9B%BD%E6%9A%A6>
]FIGCAPTION]

> 太平天国では七曜及び干支が 他よりも1日進んでいたそうです'''['''38''']''','''['''39''']'''。

]FIG]

]REFS]

* 休日

[7] [[曜日]]は、しばしば[[休日]]や[[祝日]]を決める規則の一部として使われます。

[EG[
[8] 多くの[[国]]の多くの公的機関や企業では、[[日曜日]]が[[休日]]となっています。
]EG]

;; [9] [[日本]]の休日と曜日については、[[日本の休日]]を参照。

* 色

[27] [[日本]]で出版される[[カレンダー]]では、
[[日曜日]]と[[祝日]]・[[休日]]は[[赤色]]、
それ以外の[[土曜日]]は[[青色]]、
それ以外の[[日]]は[[黒色]]で[[日付]]を表示するのが一般的です。

* 作品

[20] [[曜日]]を扱う[[作品]]:
[FIG(short list)[
- [CITE[旧約聖書]]
- [[月月火水木金金]]
- [[月火水木金正日]]
- [CITE[ゆゆ式]]
- [CITE[村川梨衣のaりえしょんぷり〜ず❤]]
- [CITE[JUMPin' JUMP UP!!!!]]
- [CITE[[[We Have A Dream]]]]
- [CITE[[[Holiday∞Holiday]]]]
]FIG]

[29] [[架空の曜日]]が使われる場合もあります。
[[フィクションの日時]]も参照。

* 他の曜日

[38] 本項の現代の一般的な[[週]]と[[曜日]]の構造以外であっても、
似たような構造の[[暦法]]の要素を[[週]]、[[曜日]]ということがあります。
[SEE[ [[一般化週]] ]]

[18] 本項の[[曜日]]は[[七曜]]ともいいますが、[[六曜]]とは無関係です。

[113] [[佐賀暦]]:
「[[(佐賀)]]」

[60] 
[[Musa]],
[[Kazakh Nomad Calendar]],
[[triday]],
[[Hermetic Lunar Week Calendar]],
[[Annus Novus Decimal Calendar System]],
[[Lunar Petin-Meton Calendar]]


* 構文

[55] 
[CODE[urn:oasis:names:tc:xacml:3.0:data‑type:dayOfWeek]]
は[[曜日]]番号 + [[時差]]。


* [CODE[:DayOfWeek]]

[40] [[OWL-Time]] の
[DFN[[CODE[:DayOfWeek]]]]
は、[[週]]の[[日]]を表します。
[SRC[>>39]]

[41] [CODE[:DayOfWeek]] は、 [CODE[owl:Class]]
です。 [SRC[>>39]]

[42] [[グレゴリオ暦]]で使われる[[七曜]]に対応する
[DFN[[CODE[:Sunday]]]],
[DFN[[CODE[:Monday]]]],
[DFN[[CODE[:Tuesday]]]],
[DFN[[CODE[:Wednesday]]]],
[DFN[[CODE[:Thursday]]]],
[DFN[[CODE[:Friday]]]],
[DFN[[CODE[:Saturday]]]]
が定義されています。 [SRC[>>39]]

[43] 他の長さの週の日や他の日の名前も定義できます。 [SRC[>>39]]
[SEE[ [[一般化週]] ]]

[45] 
[DFN[[CODE[:dayOfWeek]]]]
は
[CODE[:GeneralDateTimeDescription]]
に [CODE[:DayOfWeek]]
を指定する[[特性]]です。 [SRC[>>44]]

[REFS[
- [39] [CITE@en[Time Ontology in OWL]] ([TIME[2019-06-05 22:23:30 +09:00]]) <https://w3c.github.io/sdw/time/#time:DayOfWeek>
- [44] [CITE@en[Time Ontology in OWL]] ([TIME[2019-06-05 22:23:30 +09:00]]) <https://w3c.github.io/sdw/time/#day-of-week-0>
]REFS]

* 関連

[21] [[ユダヤ暦]]の[[年始]]日の決定に影響します。


* 歴史

[SEE[ [[週]] ]]


* メモ

[1]  [CITE[曜日の名前のはなし]] <http://www.rinc.or.jp/~kurata/youbi.html>

[2]
[CITE[曜日の起源と論理[デジタル/シゴト/技術]]] <http://www.pot.co.jp/gotogi/2-11.html>

[3]
[CITE[曜日欄についてのお話]]
<http://qb5.2ch.net/test/read.cgi/operate/1111420404/>


[107] [CITE@ja[曜日 - Wikipedia]]
( ([TIME[2014-05-08 15:13:38 +09:00]] 版))
<http://ja.wikipedia.org/wiki/%E6%9B%9C%E6%97%A5>

[111] [CITE@ja[七曜 - Wikipedia]]
( ([TIME[2014-08-17 10:30:02 +09:00]] 版))
<http://ja.wikipedia.org/wiki/%E4%B8%83%E6%9B%9C>

[FIG(quote)[
[FIGCAPTION[
[12] [CITE@ja[曜日 - Wikipedia]]
([TIME[2015-09-21 05:15:28 +09:00]] 版)
<https://ja.wikipedia.org/wiki/%E6%9B%9C%E6%97%A5>
]FIGCAPTION]

> 週が始まる日は、日曜日とすることもあり、また月曜日からとするところもある。アメリカ製のカレンダー、ヘブライ語、ポルトガル語、アラビア語、ペルシア語、ベトナム語などは前者、フランス製のカレンダーなどは後者である。イスラム圏では金曜日が公休日になっていて、カレンダーも土曜日から始まるところがある。日本では主に日曜から始まるものが多く、月曜から始まるものは少ない傾向にある。

]FIG]


[13] [CITE@ja[日本で初めて曜日(日・月・火・水・木・金・土)を使いだした時期と理由を知りたい。 | レファレンス協同データベース]]
([[国立国会図書館]] 著, [TIME[2015-10-17 21:10:13 +09:00]] 版)
<http://crd.ndl.go.jp/reference/modules/d3ndlcrdentry/index.php?page=ref_view&id=1000080625>


[22] [CITE@ja[月守の暦 : 古月のおと]]
([[furutsuki_oto]]著, [TIME[2017-03-30 16:16:43 +09:00]])
<http://furutsuki.exblog.jp/22479774/>

[FIG(quote)[
[FIGCAPTION[
[23] [CITE@en[RFC 5260 - Sieve Email Filtering: Date and Index Extensions]]
([TIME[2017-05-07 22:48:17 +09:00]])
<https://tools.ietf.org/html/rfc5260>
]FIGCAPTION]

> 
>      "weekday"   => the day of the week expressed as an integer between
>                     "0" and "6". "0" is Sunday, "1" is Monday, etc.

]FIG]


[FIG(quote)[
[FIGCAPTION[
[24] [CITE@ja[リファレンス — サイボウズ Live・API ドキュメント]]
([TIME[2017-04-24 09:42:26 +09:00]])
<https://developer.cybozulive.com/doc/current/pub/reference.html>
]FIGCAPTION]

> cblSch:byWeekOfDay 定数
> SU - 日曜日
> MO - 月曜日
> TU - 火曜日
> WE - 水曜日
> TH - 木曜日
> FR - 金曜日
> SA - 土曜日

]FIG]


[30] [CITE@en[ベトナム語の曜日の表現 ~第1日曜日ってどう言うの?~│ベトナム生活情報サイト、VIET JO Life(ベトジョーライフ)]]
([[Vietjo Life]]著, [TIME[2018-08-05 19:27:50 +09:00]])
<https://life.viet-jo.com/howto/vietnamese-language/394>

[FIG(quote)[
[FIGCAPTION[
[31] [CITE@en[ベトナム語の曜日の表現 ~第1日曜日ってどう言うの?~│ベトナム生活情報サイト、VIET JO Life(ベトジョーライフ)]]
([[Vietjo Life]]著, [TIME[2018-08-05 19:29:06 +09:00]])
<https://life.viet-jo.com/howto/vietnamese-language/394>
]FIGCAPTION]

> ヨーロッパの多くの国の言語では、曜日の名称はローマの神々に由来していますが、ポルトガル語はこれを廃し、土日以外については月曜日を「第2曜日(Segunda-Feira)」、火曜日を「第3曜日(Terça-Feira)」・・・と呼んでいます。これがベトナム語でも使われるようになったということです。

]FIG]




[33] [CITE@ja[七曜海山列 - Wikipedia]]
([TIME[2019-01-04 20:35:40 +09:00]])
<https://ja.wikipedia.org/wiki/%E4%B8%83%E6%9B%9C%E6%B5%B7%E5%B1%B1%E5%88%97>

[34] [CITE@ja[暦Wiki/要素/1週間とは?/曜日の順序 - 国立天文台暦計算室]]
([TIME[2018-07-31 15:11:50 +09:00]])
<https://eco.mtk.nao.ac.jp/koyomi/wiki/CDD7C1C72F1BDB5B4D6A4C8A4CFA1A92FCDCBC6FCA4CEBDE7BDF8.html>

[35] [CITE[東南アジア伝統天文学の重層構造 ]]
([TIME[2019-01-08 21:29:32 +09:00]])
<http://www2.nao.ac.jp/~mitsurusoma/gendai5/24_ohashi.pdf>

[46] [CITE[calであそぶ]]
([TIME[2019-06-14 18:33:48 +09:00]])
<https://web.archive.org/web/20010629133827/http://www.asahi-net.or.jp/~hi5k-stu/compt/calendar.htm>

[FIG(quote)[
[FIGCAPTION[
[50] [CITE@ja[チェコ語のカレンダー (季節・月・曜日)]]
([TIME[2010-10-09 11:50:54 +09:00]])
<http://home.netyou.jp/aa/fairport/sandy/81/cs81d01_cescy_kalendar.htm>
]FIGCAPTION]

> ・
> 1週間のはじまりは何曜日かという議論があったが、ISO8601 (JISX0301) では月曜日に〝1〟をあて、日曜日に〝7〟を当てると決めています.
>  
> ・
> 飛行機の時刻表で 「曜日」 を 「1234567」 や 「- 2- - 5- 7」 と数字で書くのはISO8601 (JISX0301) に従っています.

]FIG]


[51] [CITE@ja[劇場版 ウルトラマンタイガ 公式/ウルトラマン クロニクル ZERO & GEED 公式さんはTwitterを使っています 「おはよう🌅特撮ファンのみんな‼ 今朝は…テレビで👀 #ウルトラマン があるぞー!📣 ナビゲーターは… #国民的ウルトラの妹 ✨ #ウルトラウーマングリージョ ・湊アサヒ🍬 10:30~ テレビ東京系にて放送📺 11時~見逃し配信も実施⬇ https://t.co/wAr541BbnM #劇場版タイガ #ウルトラマンタイガ https://t.co/Nv4lqIWi0V」 / Twitter]]
([TIME[2020-03-01 11:01:45 +09:00]])
<https://twitter.com/ultraman_series/status/1233903534585704449>

>
[RUBY[(日)][にちようび]]



[52] [CITE@en[Using Dates and Timestamps — Snowflake Documentation]], [TIME[2021-01-13T20:30:15.000Z]], [TIME[2021-01-16T07:29:32.057Z]] <https://docs.snowflake.com/en/user-guide/date-time-examples.html#retrieving-dates-and-days-of-the-week>

>
-   The [CODE[dayofweek_iso]] part follows the ISO-8601 data elements and interchange formats standard. The function returns the day of the week as an integer value in the range 1-7, where 1 represents Monday.
-    For compatibility with some other systems, the [CODE[dayofweek]] part follows the UNIX standard. The function returns the day of the week as an integer value in the range 0-6, where 0 represents Sunday.



[53] [CITE[youbi]], [TIME[2011-10-16T07:56:02.000Z]], [TIME[2021-01-21T12:08:15.450Z]] <http://www2.ttcn.ne.jp/~teatom/Japanese/youbi.html>


[54] [CITE@ja[TVアニメ「うらみちお兄さん」公式さんはTwitterを使っています 「よい子のみんなにウサオ君とクマオ君から、2月のカレンダーをプレゼント!🎁 鬼はーそと!福はー内! 明日2月2日は節分だよー☆ 今年も健康に暮らせるように、おうちで豆まきしてみてね👹 後片付けも忘れずにっ☆ #うらみちお兄さん #ウサオ君 #クマオ君 #節分 #鬼は外 #福は内 #耳がツノがわり https://t.co/xWC6h98beN」 / Twitter]]
(午後0:00 · 2021年2月1日 [TZ[+09:00]], [TIME[2021-02-02T02:49:54.000Z]])
<https://twitter.com/uramichi_anime/status/1356074801882755077>

[56] [CITE@ja[岡島昭浩さんはTwitterを使っています 「「日土」って、日本・トルコかと思ったら、日曜と土曜のことだ。 そういえば、「土日」というのは、比較的新しい言葉だったのを思い出した。 https://t.co/IvIho5G1IM」 / Twitter]]
([TIME[2021-11-30T03:40:40.000Z]], [TIME[2021-11-30T05:07:49.312Z]])
<https://twitter.com/okjma/status/1122899429722218496>

[57] [CITE@ja[七曜の連続性: suchowan's blog]], [TIME[2022-05-24T04:23:58.000Z]] <https://suchowan.at.webry.info/201505/article_28.html>

[62] 
[CITE@ja[XユーザーのMiguel Hirotaさん: 「@masayasan201911 中国語では月曜が第1曜日、火曜日が第2曜日という発想で土曜日まで続く一方、ポルトガル語では月曜は第2曜日、火曜日が第3曜日で金曜日まで(1つ数字がズレます)。中葡両言語が公用語のマカオでは、注意しておかないと言い間違えそうですね。」 / X]], [TIME[午後7:46 · 2023年10月23日][2023-10-23T10:46:41.000Z]], [TIME[2024-03-11T10:19:05.000Z]] <https://twitter.com/mig76fk/status/1716405779538821412>


[63] 
[CITE@ja[Xユーザーの𐬨𐬀𐬕𐬀𐬳𐬀𐬯𐬀𐬥さん: 「おい、曜日がカラカルパク語だけ全然違うでねぇか! どうなってるだこれ!! https://t.co/BGs0bN6sbV」 / X]], [TIME[午後6:48 · 2023年10月23日][2023-10-23T09:48:07.000Z]], [TIME[2024-03-11T10:19:05.000Z]] <https://twitter.com/masayasan201911/status/1716391038825464277>


[73] 
[CITE@ja[Xユーザーのラテン語さんさん: 「スペイン語圏においては、火曜日がmartes、水曜日がmiércolesと頭の文字が一緒になるので、略す場合は火曜日をM、水曜日をXと書きます。」 / X]], [TIME[午前11:22 · 2025年11月25日][2025-11-25T02:22:26.000Z]], [TIME[2025-11-26T02:56:12.000Z]] <https://x.com/latina_sama/status/1993143209963425917>
