[21] [[日本]]では、[[日曜日]]の他、[[祝日法]]で定められた[[祝日]]や[[振替休日]]、
[[国民の休日]]が広く[[休日]]とされています。その他、[[土曜日]]、
[[お盆]]、[[年末年始]]も多くの場合[[休日]]と考えられています。

* 一覧データファイル

[7] [[日本国]]の法令で定められた祝日・祭日・祝日法による休日・[[一六日]]休暇の一覧の [[JSON]]
ファイルが >>6 にあります。

;; 最新の法令が引き続き適用されると考えた場合の2100年までのデータが含まれています。

;; [23] [[日曜日]]やお盆・年末年始は含まれていません。

[REFS[
- [6] [CITE@en[data-locale/jp-holidays.json at master · manakai/data-locale]] ([TIME[2014-08-24 04:45:37 +09:00]] 版) <https://github.com/manakai/data-locale/blob/master/data/calendar/jp-holidays.json>
]REFS]

[9] [[米国]]の統治下の[[琉球政府]]の法令で定められた[[祝祭日]]の一覧の [[JSON]]
ファイルが >>8 にあります。

[REFS[
- [8] [CITE@en[data-locale/ryukyu-holidays.json at master · manakai/data-locale]] ([TIME[2014-08-24 04:48:27 +09:00]] 版) <https://github.com/manakai/data-locale/blob/master/data/calendar/ryukyu-holidays.json>
]REFS]

;; 詳しくは[[琉球の祝祭日]]を参照。

;; [10] [[米国]]の統治下の[[奄美諸島]]や[[小笠原諸島]]の法令で定められた休日はなさそうです。

[214] 日本の祝日の一覧表としては、 [[Google]] が提供しているデータファイルがしばしば用いられています。しかし [[Google]] の一覧表には[[クリスマス]]や[[銀行休業日]]のような祝日以外の日が含まれていることがあるので注意が必要です。例えば[TIME[2014年12月25日][2014-12-25]]は[[クリスマス]]とされています。

;; [291] [[Google Calendar]] の [[XML]] 形式のファイルは[TIME[2015年11月18日][2015-11-18]]をもって廃止されました。
[[iCal]] 形式のファイルは引き続き提供されるようですが、いつ同様に廃止されるかもわかりませんから、
依存するべきではなさそうです。

* 休日

[24] [[日本]]では[[国]]全体で実施される[[休日]]はありません。
政府機関や教育機関、多くの企業で共通して実施される[[休日]]がありますが、
国全体で強制されているものではありません。

;; [25] [[労働基準法]]による[[休日]]は、日数の制限であり、いつを[[休日]]とするかは指定がありません。

;; [26] [[警察]]、[[病院]]、[[コンビニ]]、サービス業や娯楽施設など、通常の[[平日]]・[[休日]]とは異なる勤務体系の業種も存在しています。

** 政府機関の休日

[35] 中央の[[政府機関]]の休日は、次のものとされています [SRC[>>34, >>36, >>37]]。
[FIG(short list)[
- [[日曜日]] (>>62)
- [[土曜日]] (>>62)
- [[祝日法]]による休日 (>>27)
- [[年末年始]]: 12/29-1/3
]FIG]

[33] [[地方公共団体]]の休日は、次のものであり、[[条例]]により定めることとなっています
[SRC[>>32]]。
[FIG(short list)[
- [[日曜日]] (>>62)
- [[土曜日]] (>>62)
- [[祝日法]]による休日 (>>27)
- [[年末年始]] (条例による)
- その他記念日
]FIG]

[REFS[
- [34] [CITE@ja[国会に置かれる機関の休日に関する法律]] ([TIME[2014-09-03 06:47:59 +09:00]] 版) <http://law.e-gov.go.jp/htmldata/S63/S63HO105.html>
- [36] [CITE@ja[裁判所の休日に関する法律]] ([TIME[2014-09-03 06:47:58 +09:00]] 版) <http://law.e-gov.go.jp/htmldata/S63/S63HO093.html>
- [37] [CITE@ja[行政機関の休日に関する法律]] ([TIME[2014-09-03 06:47:58 +09:00]] 版) <http://law.e-gov.go.jp/htmldata/S63/S63HO091.html>
- [32] [CITE@ja[地方自治法]] ([TIME[2014-09-03 10:07:38 +09:00]] 版) <http://law.e-gov.go.jp/htmldata/S22/S22HO067.html#1000000000000000000000000000000000000000000000000400200000000000000000000000000>
]REFS]

[63] かつては[[日]]番号によって[[休日]]が決められていました (>>57) が、
[[明治時代]]のはじめに[[西洋]]に合わせて[[日曜日]]が[[休日]]と改められ、
[[昭和]]から[[平成]]にかけて[[土曜日]]も[[休日]]となりました (>>62)。

[97] [[米国]]の占領下の[[琉球政府]]では、別途[[休日]]が定められていました。
休日の選定は米国機関の休日を配慮して行われていました。

;; [[琉球の祝祭日]]を参照。

** 学校の休日

[45] [[教育機関]]は、[[土曜日]]、[[日曜日]]、[[祝日法]]による休日 (>>27)、
[[夏休み]]、[[冬休み]]、[[春休み]]を休日とするのが一般的です。

[46] [[学校教育法施行規則]]では、[[公立小学校]]について土日、[[祝日法]]による休日、
[[教育委員会]]の定める日を休業日としています。
また[[私立小学校]]について各校で定める日を休業日としています。 [SRC[>>44]]

[47] [[夏休み]]、[[冬休み]]、[[春休み]]は、公立の学校については地域により、
私立の学校については学校により異なることがあります。
特に[[北海道]]や[[東北]]、[[長野県]]などでは[[夏休み]]が短いことが知られています。
また[[進学校]]を中心に、補習等を設けて事実上休業期間が短縮されていることもあります。
近年は「2学期制」などと称して8月末から授業を開始する公立の小中学校もあるようです。

[48] [[私立]]の学校では[[土曜日]]や[[祝日法]]による休日が休業日でないことがよくあります。
[[公立]]であっても[[進学校]]等では[[土曜日]]に補習等があり事実上非休業日となっていることがあります。

[222] [[運動会]]や[[授業参観]]などの[[行事]]を[[日曜日]]に実施し、
それに近い[[平日]]を[[代休]]とすることもあります。

[293] [[大学]]ではまた個別に事情が異なります。場合によっては[[学部]]や[[学科]]によっても異なる日程となることがあります。

[196] [[江戸時代]]には、[[五節句]]と年末年始 (12月17日-1月16日) の他毎月1日、
15日、25日が休日だったといいます [SRC[>>195]]。

[REFS[
- [44] [CITE@ja[休日 - Wikipedia]] ([TIME[2014-08-05 07:41:55 +09:00]] 版) <http://ja.wikipedia.org/wiki/%E4%BC%91%E6%97%A5#.E5.AD.A6.E6.A0.A1.E6.95.99.E8.82.B2.E6.B3.95.E6.96.BD.E8.A1.8C.E8.A6.8F.E5.89.87.E3.81.AB.E3.81.8A.E3.81.91.E3.82.8B.E4.BC.91.E6.A5.AD.E6.97.A5>
- [195] [CITE@ja[江戸時代の教育]] ([TIME[2011-05-13 08:07:51 +09:00]] 版) <http://homepage2.nifty.com/kenkakusyoubai/zidai/kyoiku.htm>
]REFS]

** 業種ごとの休日

[41] 業種や地域によっては、組合等でそれぞれの休業日が定められていることがあります。

[42] [[銀行休業日]]は、関連法規で次のように規定されています [SRC[>>43]]。
[FIG(short list)[
- [[日曜日]] (>>62)
- [[土曜日]] (>>62)
- [[祝日法]]による休日 (>>27)
- [[年末年始]]: 12/31-1/3
]FIG]

[204] [[日曜日]]に営業する[[理髪店]]、娯楽施設、公共施設などは、
特定の[[曜日]]が休日となるよう決められていることがあります。

[294] 業種や職種によっては、共通の固定の休日を設けていないこともあります。

[201] [[江戸時代]]の都市部では[[正月]]、お盆などの他に毎月の日の数により決まる日 (>>57)
が休みだったようです。

[194] [[江戸時代]]の農村では、[[正月]]3日間、お盆3日間、[[五節句]]の他に村毎に定めた日が休みだったといいます。
また、[[八朔]]や[[彼岸中日]]が休日となることもあったといいます。 [SRC[>>193]]

;; [203] [[江戸時代]]後期に休日が増加したとされています [SRC[>>202]]。

[REFS[
- [43] [CITE@ja[休日 - Wikipedia]] ([TIME[2014-08-05 07:41:55 +09:00]] 版) <http://ja.wikipedia.org/wiki/%E4%BC%91%E6%97%A5#.E9.87.91.E8.9E.8D.E6.A9.9F.E9.96.A2.E3.81.AB.E3.81.8A.E3.81.91.E3.82.8B.E4.BC.91.E6.97.A5>
- [193] [CITE@ja[村によりさまざま-江戸時代の休日の定め方]] ([TIME[2014-09-06 13:47:31 +09:00]] 版) <http://www.bunka.pref.mie.lg.jp/rekishi/kenshi/asp/hakken/detail.asp?record=301>
- [202] [CITE[盆踊りの知識:枠組みについて2-2]] ([TIME[2008-10-04 07:17:12 +09:00]] 版) <http://www.bonodori.net/sekai/SHIKUMI2B.HTML>
]REFS]

* 祝日法による休日

[27] [[祝日法]]による[DFN[[[休日]]]]には、次のものがあります。

[FIG(short list)[
- [[国民の祝日]] (>>28)
- [[振替休日]] (>>29)
- [[国民の休日]] (>>30)
- 皇室行事による休日 (>>82)
]FIG]

[39] 旧法規
[FIG(short list)[
- [[祭日]] (>>31)
]FIG]

[REFS[
- [104] [CITE@ja[明治6年太政官布告第1号]] ([TIME[2014-04-01 11:52:21 +09:00]] 版) <http://homepage1.nifty.com/nomenclator/ip/holiday/sup/m06f001.htm>
-- [269] [CITE[国立公文書館 デジタルアーカイブ 改暦ニ付五節ヲ廃シ神武天皇即位日天長節ノ両日ヲ以テ祝日ト定ム]] ([TIME[2015-12-22 00:08:41 +09:00]] 版) <http://www.digital.archives.go.jp/DAS/meta/listPhoto?KEYWORD=&LANG=default&BID=F0000000000000000395&ID=M0000000000000844409&TYPE=&NO=>
-- [161] 大正9年6月19日に廃止
-- [160] [CITE@ja[大正9年勅令第184号]] ([TIME[2014-04-01 11:52:46 +09:00]] 版) <http://homepage1.nifty.com/nomenclator/ip/holiday/sup/t09i184.htm>
- [113] 年中祭日祝日等休暇日  
-- 明治6年10月14日太政官布告第344号
-- <http://homepage1.nifty.com/gyouseinet/dayoff/dajoukan344.htm>
-- [18] [CITE@ja[年中祭日祝日ノ休暇日ヲ定ム (明治六年) - Wikisource]]
([TIME[2009-08-31 14:28:11 +09:00]] 版)
<http://ja.wikisource.org/wiki/%E5%B9%B4%E4%B8%AD%E7%A5%AD%E6%97%A5%E7%A5%9D%E6%97%A5%E3%83%8E%E4%BC%91%E6%9A%87%E6%97%A5%E3%83%B2%E5%AE%9A%E3%83%A0_(%E6%98%8E%E6%B2%BB%E5%85%AD%E5%B9%B4)>
-- [112] [CITE@ja[明治6年太政官布告第344号]] ([TIME[2014-04-01 11:52:25 +09:00]] 版) <http://homepage1.nifty.com/nomenclator/ip/holiday/sup/m06f344.htm>
- [156] 春秋二季祭日追加
-- 明治11年6月5日太政官布告第23号
-- <http://homepage1.nifty.com/gyouseinet/dayoff/dajoukan11_23.htm>
-- [155] [CITE@ja[明治11年太政官達第23号]] ([TIME[2014-04-01 11:52:28 +09:00]] 版) <http://homepage1.nifty.com/nomenclator/ip/holiday/sup/m11d023.htm>
-- [17] 改正後の状態: [CITE@ja[年中祭日祝日ノ休暇日ヲ定ム (明治十一年) - Wikisource]]
([TIME[2009-08-31 14:28:54 +09:00]] 版)
<http://ja.wikisource.org/wiki/%E5%B9%B4%E4%B8%AD%E7%A5%AD%E6%97%A5%E7%A5%9D%E6%97%A5%E3%83%8E%E4%BC%91%E6%9A%87%E6%97%A5%E3%83%B2%E5%AE%9A%E3%83%A0_(%E6%98%8E%E6%B2%BB%E5%8D%81%E4%B8%80%E5%B9%B4)>
- [90] 神嘗祭日変更  
-- 明治12年7月5日太政官布告第27号 
-- <http://homepage1.nifty.com/gyouseinet/dayoff/dajoukan12_27.htm>
-- [19] 改正後の状態: [CITE@ja[年中祭日祝日ノ休暇日ヲ定ム - Wikisource]]
([TIME[2009-08-31 14:28:31 +09:00]] 版)
<http://ja.wikisource.org/wiki/%E5%B9%B4%E4%B8%AD%E7%A5%AD%E6%97%A5%E7%A5%9D%E6%97%A5%E3%83%8E%E4%BC%91%E6%9A%87%E6%97%A5%E3%83%B2%E5%AE%9A%E3%83%A0>
- 休日ニ關スル件
-- 大正元年9月3日勅令19号 (即日施行)
-- <http://homepage1.nifty.com/gyouseinet/dayoff/tyokurei01_19.htm>
-- 明治6年太政官布告第344号を廃止
- 勅令第十九號休日ニ關スル件改正ノ件
-- 昭和2年3月3日勅令第25号 (即日施行)
-- <http://homepage1.nifty.com/gyouseinet/dayoff/tyokurei02_25.htm>
- 国民の祝日に関する法律
-- <http://law.e-gov.go.jp/htmldata/S23/S23HO178.html>
-- <http://www.ron.gr.jp/law/law/syukujit.htm>
-- <http://homepage1.nifty.com/gyouseinet/dayoff/genkouhou.htm>
-- 昭和23年7月20日法律第178号 (即日施行)
--- <http://homepage1.nifty.com/gyouseinet/dayoff/houritu23_178.htm>
-- 昭和2年勅令第25号を廃止
- 国民の祝日に関する法律の一部を改正する法律
-- <http://homepage1.nifty.com/gyouseinet/dayoff/houritu41_86.htm>
-- 昭和41年6月25日法律第86号 (即日施行)
- 国民の祝日に関する法律の一部を改正する法律
-- 昭和48年4月12日法律第10号 (即日施行)
-- <http://homepage1.nifty.com/gyouseinet/dayoff/houritu48_10.htm>
- 国民の祝日に関する法律の一部を改正する法律
-- 昭和60年12月27日法律第103号 (即日施行)
-- <http://homepage1.nifty.com/gyouseinet/dayoff/houritu60_103.htm>
- 国民の祝日に関する法律の一部を改正する法律
-- 平成元年2月27日法律第5号 (即日施行)
-- <http://homepage1.nifty.com/gyouseinet/dayoff/houritu1_5.htm>
- 国民の祝日に関する法律の一部を改正する法律
-- 平成7年3月8日法律第22号 (平成8年1月1日施行)
-- <http://homepage1.nifty.com/gyouseinet/dayoff/houritu7_22.htm>
- 国民の祝日に関する法律の一部を改正する法律
-- 平成10年10月21日法律第141号 (平成12年1月1日施行)
-- <http://www.ron.gr.jp/law/law/syukuji6.htm>
- 国民の祝日に関する法律及び[[老人福祉法]]の一部を改正する法律
-- 平成13年6月22日法律第59号 (平成15年1月1日施行)
-- <http://homepage1.nifty.com/gyouseinet/dayoff/houritu13_59.htm>
- 平成17年5月20日 (2007年1月1日施行)
- 平成26年(2014年) (2016年1月1日施行)
]REFS]

[38] [[道路標識]]における[[休日]]は、[[祝日法]]による[[休日]] (>>27) のことをいいます
[SRC[>>40]]。

[REFS[
- [40] [CITE[道路標識、区画線及び道路標示に関する命令 別表第2]] ([TIME[2014-07-23 07:35:20 +09:00]] 版) <http://www.mlit.go.jp/road/sign/kijyun/kukaku/bpkukaku02.html#bikou>
]REFS]

* 国民の祝日

@@ [28] 国民の祝日 ...

@@ [31] 祭日 ...

* 振替休日

- [DEL[振替休日: 日曜日である国民の祝日の翌月曜日 (祝日法第3条(S48))]]
- [29] 振替休日: 日曜日である国民の祝日の翌平日 (祝日法第3条(H17))

[REFS[
- [89] [CITE@ja[振替休日 - Wikipedia]]
([TIME[2010-04-11 22:53:54 +09:00]] 版)
<http://ja.wikipedia.org/wiki/%E6%8C%AF%E6%9B%BF%E4%BC%91%E6%97%A5>
]REFS]

* 国民の休日

- [30] 国民の休日: 前日・翌日が国民の祝日である日 (祝日法第3条(S60))
-- 但し、その日が日曜日や振替休日である場合を除く。

** 5月4日

国民の休日(前日5月3日は憲法記念日, 翌日5月5日はこどもの日であるため)

H17祝日法により5月4日は[[みどりの日]]となった

** 9月xx日?

敬老の日の改正によって「前日・翌日が国民の祝日である日」が5月4日以外にも起こりうる。
たとえば、2015年9月21日(月)は敬老の日、
9月23日(水)が秋分の日となるが、その間に挟まれた
9月22日(火)は国民の休日となる。
''ただし、現在の祝日法の改正がなければ...''

* 曜日に基づく休日

[62] 現在の[[日本]]では、[[土曜日]]と[[日曜日]]が[[休日]]とされることが多いです。

[70] 慶応4年/1868年6月 (明治元年) に既に[[横浜運上所]]で[[日曜日]]と[[クリスマス]]が休日と
されていましたが、
一般には普及していなかったといいます [SRC[>>69]]。

[88] 明治7年/1874年3月に[[文部省]]が[[官立学校]]について[[日曜日]]を休暇としています [SRC[>>87]]。

[58] 明治9年/1876年3月12日の明治9年太政官達第27号 (来ル四月ヨリ日曜日ヲ以テ休暇ト定ム)
により、[[一六日]]の休暇は廃止され、[[日曜日]]が休暇となりました。
また[[土曜日]]は正午より休暇とされました。同年4月より施行されています。 [SRC[>>56]]
これが官公庁を始め、学校でも実施されてゆきました。

;; [163] 後に[[土曜日]]は夏季12時、冬期午後3時に改められています [SRC[>>162]]。

[61] 1988年から2002年にかけて[[週休2日制]]が実施され、
政府機関、地方公共団体、教育機関、銀行、多くの企業などで[[土曜日]]が[[休日]]となりました
[SRC[>>60]]。

[REFS[
- [69] <http://repository.hyogo-u.ac.jp/dspace/bitstream/10132/3880/8/p.307-320.pdf>
- [87] [CITE@ja[suchowan's UniWiki Calendar/When/Exe/暦説明/本編/日本/補足/戦前の休日の変遷に関するメモ]] ([TIME[2014-09-06 06:39:14 +09:00]] 版) <http://hosi.org/u/wiki.cgi?Calendar%2FWhen%2FExe%2F%E6%9A%A6%E8%AA%AC%E6%98%8E%2F%E6%9C%AC%E7%B7%A8%2F%E6%97%A5%E6%9C%AC%2F%E8%A3%9C%E8%B6%B3%2F%E6%88%A6%E5%89%8D%E3%81%AE%E4%BC%91%E6%97%A5%E3%81%AE%E5%A4%89%E9%81%B7%E3%81%AB%E9%96%A2%E3%81%99%E3%82%8B%E3%83%A1%E3%83%A2#i12>
- [56] 明治9年[[太政官達]]第27号
-- [59] [CITE@ja[明治9年太政官達第27号]] ([TIME[2014-04-01 11:52:26 +09:00]] 版) <http://homepage1.nifty.com/nomenclator/ip/holiday/sup/m09d027.htm>
-- [15] [CITE@ja[來ル四月ヨリ日曜日ヲ以テ休暇ト定ム - Wikisource]]
([TIME[2009-07-01 17:54:16 +09:00]] 版)
<http://ja.wikisource.org/wiki/%E4%BE%86%E3%83%AB%E5%9B%9B%E6%9C%88%E3%83%A8%E3%83%AA%E6%97%A5%E6%9B%9C%E6%97%A5%E3%83%B2%E4%BB%A5%E3%83%86%E4%BC%91%E6%9A%87%E3%83%88%E5%AE%9A%E3%83%A0>
-- [166] 昭和23年12月22日公布、昭和24年1月1日施行の昭和23年法律第265号で廃止
-- [167] [CITE@ja[昭和23年法律第265号附則抄]] ([TIME[2014-04-01 11:52:35 +09:00]] 版) <http://homepage1.nifty.com/nomenclator/ip/holiday/sup/s23-265.htm>
- [162] [CITE@ja[大正11年閣令第6号]] ([TIME[2014-04-01 11:52:46 +09:00]] 版) <http://homepage1.nifty.com/nomenclator/ip/holiday/sup/t11k006.htm>
- [60] [CITE@ja[休日 - Wikipedia]] ([TIME[2014-08-05 07:41:55 +09:00]] 版) <http://ja.wikipedia.org/wiki/%E4%BC%91%E6%97%A5#.E9.80.B1.E4.BC.91.E4.BA.8C.E6.97.A5.E5.88.B6>
]REFS]

* 日付に基づく休日

[57] [[明治時代]]初期までは、[[日]]番号に基づく休日が行われていました。

[50] [[養老律令]]では中央官庁の休日を6日に1回としており [SRC[>>49]]、
6日、12日、18日、24日、[[晦日]]が休みだったようです [SRC[>>51]]。

[REFS[
- [49] [CITE[養老令 假寧令]] ([TIME[2006-06-13 02:51:00 +09:00]] 版) <http://miko.org/~uraki/kuon/furu/text/rituryou/yourou/yourou25.htm>
- [51] [CITE@ja[假 - Wikipedia]] ([TIME[2014-08-05 22:20:35 +09:00]] 版) <http://ja.wikipedia.org/wiki/%E5%81%87#.E5.9F.BA.E6.9C.AC.E7.9A.84.E3.81.AA.E4.BC.91.E6.97.A5>
]REFS]

[197] [[江戸時代]]の都市部では1日と15日を休みとするのが一般的だったようです
[SRC[>>198, >>195, >>199, >>200]]。

;; >>195 は25日、 >>200 は28日も休みとしています。

[REFS[
- [198] [CITE[幕末期の暦と時刻の違いによる混乱 - かつて日本は美しかった]] ([TIME[2013-07-30 14:34:15 +09:00]] 版) <http://d.hatena.ne.jp/jjtaro_maru/20130104/1357288107>
- [199] [CITE[映像に見る近代京都の生活文化]] ([TIME[2002-04-11 09:48:00 +09:00]] 版) <http://www.kyobunka.or.jp/phot/syoya.html>
- [200] [CITE[測量 江戸時代 天文観測 京都改暦所 渋川春海 宝暦暦 土御門泰邦 ラランデ暦書 浅草司天台 渾天儀 高橋至時 高橋景保 麻田剛立 間重富 國友藤兵衛 北辰の碑]] ([TIME[2014-09-04 01:55:48 +09:00]] 版) <http://uenishi.on.coocan.jp/j148edotenmon.html>
]REFS]

[52] [[天保暦]]慶応4年/1868年 (明治元年) 1月21日の明治元年[[太政官]]第44号 [SRC[>>64]]
により
([[政府機関]]は) 「一六ノ日」([[一六日]])、
すなわち1日、6日、11日、16日、21日、26日が[[休日]]とされました [SRC[>>69]]。

;; [282] それまでは機関や役職により勤務体系が異なっており、
[[一六日]]や[[日曜日]]に相当する[[休日]]はなかったようです。

[66] [[天保暦]]明治元年/1868年9月18日の明治元年[[太政官]]第758号では、
[[一六日]]による9月21日の[[休日]]を取りやめ、9月22日を[[休日]]としています [SRC[>>65]]。
(9月22日は[[紀元節]]) 以後は[[一六日]]を[[休日]]とすることも確認しています
[SRC[>>65, >>69, >>53, >>54]]。

[172] 明治2年/1869年11月22日の[[太政官]]第173号によって制定された[[太政官規則]]でも、
「節朔一六」を休暇としています [SRC[>>171]]。

[74] [[天保暦]]明治3年/1870年、明治4年/1871年の12月26日は仕事納めであり、
[[休日]]を取りやめたようです [SRC[>>69]]。

[83] 改暦後の明治6年/1873年には[[一六日]]が休日であることが確認されていますが、
[[改暦]]により生じた31日は[[休日]]とはしないとされました [SRC[>>14]]。

[REFS[
- [64] [CITE@ja[近代デジタルライブラリー - 法令全書. 慶応3年]] ([TIME[2014-09-06 04:40:40 +09:00]] 版) <http://kindai.ndl.go.jp/info:ndljp/pid/787948> 59コマ
-- [280] [CITE[国立公文書館 デジタルアーカイブ 朝参休暇 毎月一六ヲ以テ休日ト定ム]] ([TIME[2015-12-22 01:07:31 +09:00]] 版) <http://www.digital.archives.go.jp/DAS/meta/listPhoto?KEYWORD=&LANG=default&BID=F0000000000000331237&ID=M0000000000000877771&TYPE=&NO=>
- [65] [CITE@ja[近代デジタルライブラリー - 法令全書. 慶応3年]] ([TIME[2014-09-06 04:52:39 +09:00]] 版) <http://kindai.ndl.go.jp/info:ndljp/pid/787948> 200コマ
- [171] [CITE@ja[近代デジタルライブラリー - 法令全書. 明治2年]] ([TIME[2014-09-06 10:25:16 +09:00]] 版) <http://kindai.ndl.go.jp/info:ndljp/pid/787949/275>
- [53] [CITE@ja[休日 - Wikipedia]] ([TIME[2014-08-05 07:41:55 +09:00]] 版) <http://ja.wikipedia.org/wiki/%E4%BC%91%E6%97%A5#.E6.98.8E.E6.B2.BB.E6.99.82.E4.BB.A3.EF.BD.9E.E6.88.A6.E5.89.8D>
- [54] [CITE@ja[一六日 - Wikipedia]] ([TIME[2014-08-28 05:19:22 +09:00]] 版) <http://ja.wikipedia.org/wiki/%E4%B8%80%E5%85%AD%E6%97%A5>
]REFS]

[55] 明治9年/1876年3月12日の明治9年太政官達第27号 (来ル四月ヨリ日曜日ヲ以テ休暇ト定ム)
により、[[一六日]]の休暇は廃止され、[[日曜日]]が休暇となりました。
また[[土曜日]]は正午より休暇とされました。同年4月より施行されています。 [SRC[>>56]]

[205] 昭和8年/1933年に発行された >>206 は、
[[欧米]]の[[週]]よりも[[東洋]]の休日制度が優れていたと主張していました。
それによると当時「理髪床や魚屋、そば屋等」が1ヶ月の中の一定の日を公休日としていた他、
「東京の百貨店」の公休日が議論の末「八の日」
に決められたようで、「週がまだそれ程深く日本人の生活に關係して居ない」
とみています。

[REFS[
- [206] [CITE[暦法及時法 - 平山清次 - Google ブックス]] ([TIME[2014-09-06 14:08:26 +09:00]] 版) <http://books.google.co.jp/books?id=88p29z44kzoC&hl=ja&pg=PP5#v=onepage&q&f=false>
]REFS]

* 年末年始休暇

[71] [[明治時代]]初期には、政府機関で次のような年末年始休暇が実施されていました
[SRC[>>69]]。
[FIG(list)[
- [[天保暦]]明治元年/1868年12月26日-明治2年/1869年1月3日
- [[天保暦]]明治2年/1869年12月29日-明治3年/1870年1月3日
- [[天保暦]]明治3年/1870年12月27日-明治4年/1871年1月3日
- [[天保暦]]明治4年/1871年12月27日-明治5年/1872年1月3日
]FIG]

[76] 明治5年末は規定が見当たらない [SRC[>>69]] ようです。改暦のため12月末がありませんが、
翌1月の3日間は年始ですから休みだったのでしょうか。

[75] [[太陽暦]]明治6年/1873年1月には明治6年1月7日[[太政官布告]]第2号により、
12月29日から1月3日までが休暇日と定められました [SRC[>>69, >>14]]。

[98] 中央の政府機関では現在もこれが引き継がれています (>>35)。
[[地方公共団体]]は[[条例]]により定めることとなっています (>>33)。

[99] 民間企業等でも多くの場合年末年始休暇が存在しますが、その期間は様々です。
12月31日から1月3日は休みのことが多いですが、その前後は企業や個人によって異なります。

[REFS[
- [14] [CITE@ja[休暇日ヲ定ム - Wikisource]]
([TIME[2008-05-26 00:17:56 +09:00]] 版)
<http://ja.wikisource.org/wiki/%E4%BC%91%E6%9A%87%E6%97%A5%E3%83%B2%E5%AE%9A%E3%83%A0>
]REFS]

** 元日

[283] 古くから1月1日は年初の節目の日であり、祭日と考えられていたようです。
[[朝廷]]や[[幕府]]も年初の行事を行っています。

[77] 1月1日は明治2年/1869年以後政府機関では年末年始休暇の一部となっています (>>71)。

[174] 明治3年/1870年の[[郵船商船規則]]でも[[祝日]]として示されています (>>124)。

[175] 明治6年/1873年の改暦後に[[祝日]]とはされていません (>>104) が、
[[一六日]]であり、また年末年始の休暇期間中でもあるため、その後も休日でした。

;; [271] 改暦時の検討 [SRC[>>270]] では[[祝日]]の候補に1月1日も挙げられていました。

[183] [[日韓併合]]時に作成された内務省學務局[CITE[祝祭日略解]]では、
1月1日は[[四方拝]]の祝祭日とされていました [SRC[>>182]]。

[266] 昭和23年の[[祝日法]]で初めて[[国民の祝日]]である[[元日]]として明文化されました。

[267] 一般的には[[明治時代]]にも1月1日は[[祝祭日]]とみなされていたようです。

[REFS[
- [182] [CITE@ja[suchowan's UniWiki Calendar/When/Exe/暦説明/本編/日本/補足/戦前の休日の変遷に関するメモ]] ([TIME[2014-09-06 13:08:28 +09:00]] 版) <http://hosi.org/u/wiki.cgi?Calendar%2FWhen%2FExe%2F%E6%9A%A6%E8%AA%AC%E6%98%8E%2F%E6%9C%AC%E7%B7%A8%2F%E6%97%A5%E6%9C%AC%2F%E8%A3%9C%E8%B6%B3%2F%E6%88%A6%E5%89%8D%E3%81%AE%E4%BC%91%E6%97%A5%E3%81%AE%E5%A4%89%E9%81%B7%E3%81%AB%E9%96%A2%E3%81%99%E3%82%8B%E3%83%A1%E3%83%A2#i15>
- [270] [CITE[国立公文書館 デジタルアーカイブ 改暦ニ付休暇定日ノ儀下議]] ([TIME[2015-12-22 00:39:04 +09:00]] 版) <http://www.digital.archives.go.jp/DAS/meta/listPhoto?XSLT_NAME=frame&NO=4&BID=F0000000000000001794&IS_STYLE=default&IS_TYPE=AJAX&LANG=default&ID=&act=&GID=&IMG_FLG=&TYPE=>
]REFS]

** 元始祭

[78] 1月3日は明治2年/1869年以後政府機関では年末年始休暇の一部となっています (>>71)。

[117] ([[グレゴリオ暦]]) 1月3日は明治6年/1873年10月より「祭日祝日等ノ休暇日」 [SRC[>>113]]
となっていました。

:1月3日:勅令(T1), 勅令(S2)
:(廃止):祝日法(S23)

** 新年宴會

[118] ([[グレゴリオ暦]]) 1月5日は明治6年/1873年10月より「祭日祝日等ノ休暇日」 [SRC[>>113]]
となっていました。

[184] [[日韓併合]]時に作成された内務省學務局[CITE[祝祭日略解]]では、
1月5日は欠落していました。そのため[[朝鮮]]で発行された[[暦]]には昭和10年/1935年まで[[新年宴會]]がなく、
昭和11年/1936年版から追加されたといいます。 [SRC[>>182]]

:1月5日:勅令(T1), 勅令(S2)
:(廃止):祝日法(S23)

* お盆休暇

[295] [[お盆]]は、古くから休暇・祭日として扱われていました。

[79] 明治2年/1869年以来、[[政府機関]]で[[天保暦]]7月14日から16日は休暇とされていました
[SRC[>>69]]。

[284] 明治3年/1870年の[[郵船商船規則]]でも7月15日(だけ)が[[祝日]]として示されています (>>124)。

[80] 明治6年/1873年の改暦後には、6月28日から30日を休暇とした [SRC[>>69, >>14]] ものの、
明治6年/1873年6月23日の明治6年[[太政官布告]]第221号により実施前に取り消され [SRC[>>16, >>69]]、
指定された期間内に休暇を取得する形になっています [SRC[>>69]]。

;; [108] お盆期間は休暇日とはされていませんでしたが、
時期を自由化することでお盆に休めるようにしたのでしょうか。

[215] 米国統治下の[[琉球]]では[[旧暦]]7月15日がお盆の休日とされました。

;; [[琉球の祝祭日]]を参照。

[100] 現在では8月13日から15日をお盆の休暇とするのが一般的ですが、
企業や個人によって異なることがあります。

[REFS[
- [16] [CITE@ja[第二號布吿中六月二十八日ヨリ三十日迄ノ休暇取消 - Wikisource]]
([TIME[2008-05-26 00:22:31 +09:00]] 版)
<http://ja.wikisource.org/wiki/%E7%AC%AC%E4%BA%8C%E8%99%9F%E5%B8%83%E5%90%BF%E4%B8%AD%E5%85%AD%E6%9C%88%E4%BA%8C%E5%8D%81%E5%85%AB%E6%97%A5%E3%83%A8%E3%83%AA%E4%B8%89%E5%8D%81%E6%97%A5%E8%BF%84%E3%83%8E%E4%BC%91%E6%9A%87%E5%8F%96%E6%B6%88>
]REFS]

* 五節句と八朔

[105] [[人日]]、[[上巳]]、[[端午]]、[[七夕]]、[[重陽]]の[[五節句]]や[[八朔]]は[[江戸時代]]より休日とされていたようです。
[[五節句]]は元々[[年中行事]]が行われる日でしたが、
[[江戸幕府]]により元和2年/1616年より[[式日]]とされたと言われており、
[[式日]]は現在の[[祝日]]に相当するものと言われています。

;; [[五節句]]を参照。

[173] 明治2年/1869年11月22日の[[太政官]]第173号によって制定された[[太政官規則]]でも、
「節朔一六」を休暇としています [SRC[>>171]]。ただし具体的な日付は挙げられていません。

[106] 明治6年/1873年の改暦に伴い、これら五節句は廃止されました [SRC[>>104]]。

;; [107] [[五節句]]や[[お盆]] (>>80) のような[[旧暦]]に因み祝われてきた休日を廃することで新暦への移行を促したかったのかもしれません。

** 人日

[138] 1月7日は[[五節句]]の1つである[[人日]]として休日とされていました。

[73] [[天保暦]]明治2年/1869年1月7日は中央官庁の休日とされていました [SRC[>>69]]。

[133] 明治3年/1870年の[[郵船商船規則]] (>>124) にはなぜか祝日として示されていません。

[129] 改暦後の明治6年/1873年1月4日に廃止されました [SRC[>>104]]。

** 上巳

[139] 3月3日は[[五節句]]の1つである[[上巳]]として休日とされていました。

[128] 明治3年/1870年の[[郵船商船規則]]で[[祝日]]として示されています (>>124)。

[130] 改暦後の明治6年/1873年1月4日に廃止されました [SRC[>>104]]。

[261] 現在は[[新暦]]3月3日が[[ひな祭り]]として祝われていますが、
[[国民の祝日]]とはなっていません。

** 端午、こどもの日

[140] 5月5日は[[五節句]]の1つである[[端午]]として休日とされていました。

[131] 明治3年/1870年の[[郵船商船規則]]で[[祝日]]として示されています (>>124)。

[132] 改暦後の明治6年/1873年1月4日に廃止されました [SRC[>>104]]。

[262] 昭和23年の[[祝日法]]で、新暦5月5日が[[こどもの日]]とされました。

** 七夕

[141] 7月7日は[[五節句]]の1つである[[七夕]]として休日とされていました。

[134] 明治3年/1870年の[[郵船商船規則]]で[[祝日]]として示されています (>>124)。

[135] 改暦後の明治6年/1873年1月4日に廃止されました [SRC[>>104]]。

[263] 現在は[[新暦]]7月7日または[[新暦]]8月7日 ([[月遅れ]]) に[[七夕]]が祝われていますが、
[[国民の祝日]]とはなっていません。

** 八朔

[148] 8月1日は[[江戸時代]]より休日とされていました。行事としては[[鎌倉時代]]に既に存在していましたが、
[[徳川家康]]の[[江戸]]入城の記念日として、[[江戸時代]]には特に盛大に祝われていたようです。

[149] 明治3年/1870年の[[郵船商船規則]]で[[祝日]]として示されています (>>124)。

[147] 改暦後の明治6年/1873年1月4日の[[太政官布告]] (>>124) には明記されていませんが、
[[一六日]]に該当しますので、明治9年/1876年までは休日でした (>>55)。

[264] [[お中元]]は[[八朔]]に由来すると言われています。
また[[八朔]]に因む祭礼が現在も行われることがあります。
しかし[[国民の祝日]]とはなっていません。

** 重陽

[142] 9月9日は[[五節句]]の1つである[[重陽]]として休日とされていました。

[136] 明治3年/1870年の[[郵船商船規則]]で[[祝日]]として示されています (>>124)。

[137] 改暦後の明治6年/1873年1月4日に廃止されました [SRC[>>104]]。

* その他暦に由来する祝日

[247] [RUBY[嘉定][かじょう]] = 6月16日、[RUBY[玄猪][げんちょ]] = 10月10日も[[五節句]]、
[[八朔]]や正月・盆と並んで[[祭日]]として挙げられることがあります。
しかし少なくても[[明治政府]]は、明治初期時点でこれらを祝祭日と認識していなかったようで、
言及も廃止もしていないようです。

** 小正月、成人の日

[268] 古くから[[小正月]]は新年行事の日の1つでした。[[元服式]]が行われる日でもありました。

[72] [[天保暦]]明治2年/1869年1月15日は中央官庁の休日とされていました [SRC[>>69]]。

[127] 明治3年/1870年の[[郵船商船規則]]でも[[祝日]]として示されています (>>124)。

[146] 改暦後の明治6年/1873年1月4日の[[太政官布告]] (>>124) には明記されていませんが、
その時までに[[祝日]]としては廃止されたものと思われます。

:1月15日:祝日法(S23)
:1月の第2月曜日:祝日法(H10)

** 春季皇靈祭、春分の日

[158] [[春分日]]は明治11年/1878年6月5日より[[春季皇霊祭]]として[[祭日]]になりました
[SRC[>>156]]。

:[[春分日]](春季皇霊祭):勅令(T1), 勅令(S2)
:[[春分日]](春分の日):祝日法(S23)

** 秋季皇靈祭、秋分の日

[157] [[秋分日]]は明治11年/1878年6月5日より[[秋季皇霊祭]]として[[祭日]]になりました
[SRC[>>156]]。

:[[秋分日]](秋季皇霊祭):勅令(T1), 勅令(S2)
:[[秋分日]](春分の日):祝日法(S23)

* 天皇誕生日・天皇祭とそれに由来する祝祭日

[144] 明治時代以来、在位中の[[天皇]]の誕生日は祝日とされています。
[[明治天皇]]と[[昭和天皇]]の誕生日は現在も祝日となっています。

[145] [[戦前]]は一代前の[[天皇]]と[[神武天皇]]の[[崩御]]の日は祭日となっていました。
戦後は[[国民の祝日]]にはなっていません。

** 明治天長節、文化の日

[68] [[天保暦]]慶応4年/1868年 (明治元年) 8月26日の明治元年[[太政官布告]]第679号により、
9月22日が[[天長節]]と定められました [SRC[>>67]]。

;; [101] そのかわりに明治元年/1868年9月21日の休日は取りやめとなっています (>>66)。

[143] 明治3年/1870年の[[郵船商船規則]]で[[祝日]]として示されています (>>124)。

[181] 改暦後の祝祭日は後日改めて示すこととされました 
([[天保暦]]明治5年/1872年11月24日の明治5年[[太政官布告]]第360号 [SRC[>>180]])。

[109] 明治6年/1873年の改暦後に[[天長節]]は改めて[[祝日]]とされました [SRC[>>104]] が、
日付は明示されていません。

[177] 改暦後の祭日を定めた明治6年/1873年7月20日の太政官布告第258号によって[[天長節]]は
11月3日とされました [SRC[>>176]]。

[114] 明治6年/1873年10月の[[太政官布告]]によって[[天長節]]は11月3日と改めて定められています
[SRC[>>113]]。

:(廃止):勅令(T1)
:11月3日(明治節):勅令(S2)
:11月3日(文化の日):祝日法(S23)

明治天皇誕生日 嘉永5年9月22日 = グレゴリオ暦1852年11月3日。

[[日本国憲法]]公布(昭和21年)。明治節と一致するのは偶然って本当か?

なぜ明治節? <http://www.meijijingu.or.jp/intro/qa/25.htm>

[REFS[
- [67] [CITE@ja[近代デジタルライブラリー - 法令全書. 慶応3年]] ([TIME[2014-09-06 05:29:56 +09:00]] 版) <http://kindai.ndl.go.jp/info:ndljp/pid/787948> 188コマ
- [180] [CITE@ja[近代デジタルライブラリー - 法令全書. 明治5年]] ([TIME[2014-09-06 10:55:48 +09:00]] 版) <http://kindai.ndl.go.jp/info:ndljp/pid/787952/234>
- [176] [CITE@ja[近代デジタルライブラリー - 法令全書. 明治6年]] ([TIME[2014-09-06 10:38:57 +09:00]] 版) <http://kindai.ndl.go.jp/info:ndljp/pid/787953/265>
]REFS]

** 大正天長節

[211] 大正元年/1912年8月31日は勅令よりも前なので法的には[[祝祭日]]ではありませんでしたが、
当時は[[祝祭日]]として祝われていたようです [SRC[>>210]]。 >>210 は[[祝祭日]]として扱っています。

:8月31日((大正)天長節):勅令(T1)
:10月31日((大正)天長節祝日):勅令(T2)

大正天皇の誕生日は8月31日だけど夏で暑いため10月31日に
祝うことにしたらしい。

[REFS[
- 大正元年勅令第十九號中改正ノ件  
-- 大正2年7月16日勅令第259号 
-- <http://homepage1.nifty.com/gyouseinet/dayoff/tyokurei02_259.htm>
- [210] [CITE[Amazon.co.jp: 20世紀暦―曜日・干支・九星・旧暦・六曜: 日外アソシエーツ編集部: 本]] ([TIME[2014-09-10 14:04:21 +09:00]] 版) <http://www.amazon.co.jp/exec/obidos/ASIN/4816915141/wakaba1-22/>
]REFS]

** 昭和天長節、みどりの日、昭和の日

:4月29日((昭和)天長節):勅令(S2)
:4月29日((昭和)天皇誕生日):祝日法(S23)
:4月29日(みどりの日):祝日法(H1)
:4月29日(みどりの日):祝日法(H17)
:5月4日(みどりの日):祝日法(H17)

** 天皇誕生日

:12月23日((平成)天皇誕生日):祝日法(H1)

** 神武天皇祭

[154] [[神武天皇祭]]は、[[神武天皇]]が崩御したとされる日です。

[153] 祭祀としては[[天保暦]]万延元年/1860年3月11日以来実施されており [SRC[>>152]]、
明治3年/1870年3月に[[祭日]]として制定され [SRC[>>150]]、
明治4年/1871年3月[[太政官布告]]第107号で全国で儀式を実施すること [SRC[>>150]]
とされました。

[120] ([[グレゴリオ暦]]) 4月3日は明治6年/1873年10月より「祭日祝日等ノ休暇日」 [SRC[>>113]]
となっていました。

:4月3日:勅令(T1), 勅令(S2)
:(廃止):祝日法(S23)

[REFS[
- [152] [CITE@ja[神武天皇祭 - Wikipedia]] ([TIME[2014-08-06 02:41:10 +09:00]] 版) <http://ja.wikipedia.org/wiki/%E7%A5%9E%E6%AD%A6%E5%A4%A9%E7%9A%87%E7%A5%AD>
]REFS]

** 孝明天皇祭

[119] ([[グレゴリオ暦]]) 1月30日は明治6年/1873年より「祭日祝日等ノ休暇日」 [SRC[>>113]]
となっていました。

:(廃止):勅令(T1)

** 明治天皇祭

:7月30日:勅令(T1)
:(廃止):勅令(S2)

** 大正天皇祭

:12月25日:勅令(S2)
:(廃止):祝日法(S23)

[[大正天皇]]が崩御した日。

** 地久節

[186] [[地久節]] ([[皇后誕生日]]) は正式な[[祝日]]ではありませんでしたが、
[[女学校]]等は休業となり祝賀式が行われていた [SRC[>>182, >>188]] といいます。

[187] [[日韓併合]]時に作成された内務省學務局[CITE[祝祭日略解]]では、
5月28日は[[地久節]]として、注意書き付きで祝祭日とされていました [SRC[>>182]]。

[189] [[地久節]]の日付は次の通りでした。
[FIG(list)[
- [[明治時代]] (1868年-1911年) [[昭憲皇太后]] 5月9日 ([[グレゴリオ暦]])
- [[大正時代]] (1912年-1926年) [[貞明皇后]] 6月25日
- [[昭和時代]] (1927年-1988年) [[香淳皇后]] 3月6日
]FIG]

[REFS[
- [188] [CITE@ja[地久節 - Wikipedia]] ([TIME[2014-08-06 09:56:45 +09:00]] 版) <http://ja.wikipedia.org/wiki/%E5%9C%B0%E4%B9%85%E7%AF%80>
]REFS]

* 皇室行事による休日

[82] [[天皇]]の[[即位]]、[[崩御]]、[[皇太子]]の[[結婚]]の儀式が行われる日は[[休日]]とされています。
[[国民の祝日]]とは異なり、その年のみ実施されています。

[185] [[戦前]]は[[勅令]]により、[[戦後]]は[[法律]]により、それぞれ規定されています。
[[戦後]]の各[[法律]]では[[祝日法]]による[[休日]]と同等のものとして扱う旨が定められています。

** 大正4年11月 10日, 14日, 16日

:即位ノ禮:大正4年11月10日
:大嘗祭:大正4年11月14日
:即位禮及大嘗祭後大饗第一日:大正4年11月16日
- 大禮ニ關スル休日ノ件  
-- 大正4年9月21日勅令第161号 
-- <http://homepage1.nifty.com/gyouseinet/dayoff/tyokurei04_161.htm>


** 昭和3年11月 10日, 14日, 16日

:即位ノ禮:昭和3年11月10日
:大嘗祭:昭和3年11月14日
:即位禮及大嘗祭後大饗第一日:昭和3年11月16日
- 大禮ニ關スル休日ノ件  
-- 昭和3年9月8日勅令第161号 
-- <http://homepage1.nifty.com/gyouseinet/dayoff/tyokurei04_161.htm>

** 昭和34年4月10日

[REFS[
- [170] 皇太子明仁親王の結婚の儀の行われる日を休日とする法律
-- 昭和34年3月17日法律第16号 (即日施行)
-- <http://homepage1.nifty.com/gyouseinet/dayoff/houritu34_16.htm>
-- [169] 昭和34年法律第16号[CITE[皇太子明仁親王の結婚の儀の行われる日を休日とする法律]]
(昭和34年3月17日公布・施行)
-- [168] [CITE@ja[昭和57年法律第69号抄]] ([TIME[2014-04-01 11:52:40 +09:00]] 版) <http://homepage1.nifty.com/nomenclator/ip/holiday/sup/s57-069.htm>
により廃止
]REFS]

[221] 当時[[米国]]統治下にあった[[琉球]]でも、[[日本]]復帰を目指し本土と共に[[結婚]]を祝うため[[立法]]により[[休日]]としています。

;; [[琉球の祝祭日]]参照。

** 平成元年(1989年)2月14日

- 昭和天皇の大喪の礼の行われる日を休日とする法律
-- 平成元年2月17日法律第4号 (即日施行)
-- <http://www.ron.gr.jp/law/law/taisou_k.htm>
-- <http://homepage1.nifty.com/gyouseinet/dayoff/houritu1_4.htm>


** 平成2年(1990年)11月12日

- 即位礼正殿の儀の行われる日を休日とする法律
-- 平成2年6月1日法律第24号
-- <http://www.ron.gr.jp/law/law/sokui_ky.htm>
-- <http://homepage1.nifty.com/gyouseinet/dayoff/houritu2_24.htm>


** 平成9年(1997年)6月9日

- 皇太子徳仁親王の結婚の儀の行われる日を休日とする法律 
-- 平成5年4月30日法律第32号 (即日施行)
-- <http://www.ron.gr.jp/law/law/kotais_k.htm>
-- <http://homepage1.nifty.com/gyouseinet/dayoff/houritu5_32.htm>

* 紀元節 / 建国記念の日

[151] >>150 には明治改元前に[[天長節]]と同時に正月朔日が神武天皇即位日と定められたとありますが、
その出典は記載されていません。

[102] [[天保暦]]明治5年/1872年11月15日の明治5年[[太政官布告]]第344号により、
1月29日が「[[神武天皇]]御即位相当」として[[祝日]]なりました [SRC[>>103]]。

[110] 明治6年/1873年の改暦後に改めて神武天皇御即位日が[[祝日]]と定められました
[SRC[>>104]] が、日付は明示されていませんでした。同年3月7日には[[紀元節]]と改称されています
[SRC[>>111]]。

;; [116] 明治6年は[[太陽暦]]1月29日が[[紀元節]]だったようです。

[115] 明治6年/1873年10月の[[太政官布告]]によって[[紀元節]]は2月11日と定められています
[SRC[>>113]]。

:2月11日(紀元節):勅令(T1), 勅令(S2)
:(廃止):祝日法(S23)
:政令で定める日:祝日法改正法(S41)
:2月11日(建国記念の日):政令(S41)

[[神武天皇]]が即位したとされる日。
飛鳥時代の暦で1月1日を[[グレゴリオ暦]]に換算したらしい。

[REFS[
- [150] [CITE[Amazon.co.jp: 暦の大事典: 岡田 芳朗, 神田 泰, 佐藤 次高, 高橋 正男, 古川 麒一郎, 松井 吉昭: 本]] ([TIME[2014-09-10 13:49:48 +09:00]] 版) <http://www.amazon.co.jp/exec/obidos/ASIN/4254102372/wakaba1-22/>
- [103] 明治5年[[太政官布告]]第344号
-- [179] [CITE@ja[明治5年太政官布告第344号]] ([TIME[2014-04-01 11:52:20 +09:00]] 版) <http://homepage1.nifty.com/nomenclator/ip/holiday/sup/m05f344.htm>
-- [178] [CITE@ja[近代デジタルライブラリー - 法令全書. 明治5年]] ([TIME[2014-09-06 10:52:23 +09:00]] 版) <http://kindai.ndl.go.jp/info:ndljp/pid/787952/199>
- [111] [CITE@ja[明治6年太政官布告第91号]] ([TIME[2014-04-01 11:52:24 +09:00]] 版) <http://homepage1.nifty.com/nomenclator/ip/holiday/sup/m06f091.htm>
- 建国記念の日となる日を定める政令
-- 昭和41年12月9日政令第376号 (即日施行)
-- <http://law.e-gov.go.jp/htmldata/S41/S41SE376.html>
-- <http://www.ron.gr.jp/law/seirei/kenkoku.htm>
-- <http://homepage1.nifty.com/gyouseinet/dayoff/seirei41_376.htm>
- [209] [CITE@ja[紀元節 - Wikipedia]] ([TIME[2014-08-06 22:49:06 +09:00]] 版) <http://ja.wikipedia.org/wiki/%E7%B4%80%E5%85%83%E7%AF%80>
]REFS]

;; [[建国記念の日]]も参照。

* その他の祭日に由来する祝祭日

** 神嘗祭

[121] ([[グレゴリオ暦]]) 9月17日は明治6年/1873年10月より「祭日祝日等ノ休暇日」 [SRC[>>113]]
となっていました。

[159] 明治12年/1879年7月5日に9月17日から10月17日に変更されています [SRC[>>90]]。

:10月17日:勅令(T1)
:(廃止):祝日法(S23)

** 新嘗祭、勤労感謝の日

[122] ([[グレゴリオ暦]]) 11月23日は明治6年/1873年10月より「祭日祝日等ノ休暇日」 である
[[新嘗祭]] [SRC[>>113]] となっていました。

:11月23日(新嘗祭):勅令(T1), 勅令(S2)
:11月23日(勤労感謝の日):祝日法(S23)

** 昭和4年10月2日

[165] 皇大神宮遷御当日ヲ休日トスルノ件 (昭和4年/1929年9月3日) により、
同年10月2日は休日とされています [SRC[>>164]]。

[REFS[
- [164] 皇大神宮遷御当日ヲ休日トスルノ件
-- [208] [CITE[国立公文書館 アジア歴史資料センター]] ([TIME[2014-09-07 00:23:17 +09:00]] 版) <http://www.jacar.go.jp/DAS/meta/listPhoto?REFCODE=A03021745500&IS_STYLE=default&image_num=2>
-- [207] [CITE@ja[昭和4年勅令第265号]] ([TIME[2014-04-01 11:52:33 +09:00]] 版) <http://homepage1.nifty.com/nomenclator/ip/holiday/sup/s04i265.htm>
]REFS]

* その他の記念日に由来する祝日

** 憲法記念日

:5月3日:祝日法(S23)

[274] [[日本国憲法]]施行 (昭和22年) にちなみます。昭和22年の施行の日は[[祝日]]ではありませんでしたが、
政府機関は休暇日となったようです。

[REFS[
- [272] [CITE[国立公文書館 デジタルアーカイブ 昭和22年5月3日(日本国憲法施行の日)を休暇日とするの件.]] ([TIME[2015-12-22 00:49:49 +09:00]] 版) <http://www.digital.archives.go.jp/DAS/meta/listPhoto?KEYWORD=&LANG=default&BID=F0000000000000558290&ID=M2006041216511638862&TYPE=&NO=>
- [273] [CITE[国立公文書館 デジタルアーカイブ 来る5月3日を休暇日とする件]] ([TIME[2015-12-22 00:50:16 +09:00]] 版) <http://www.digital.archives.go.jp/DAS/meta/listPhoto?KEYWORD=&LANG=default&BID=F0000000000000558304&ID=M2006041217000740120&TYPE=&NO=>
]REFS]

** 海の日

:7月20日:祝日法(H7)
:7月第3月曜日:祝日法(H13)

明治天皇の乗った明治丸が、荒海の航海を無事乗り越えて港に戻った記念日。

** 山の日

:8月11日:祝日法(H26)

** 敬老の日

:9月15日:祝日法(S41)
:9月第3月曜日:祝日法(H13)

[[聖徳太子]]が老人ホームを作った日といわれている。
(まじかよ!?)

** 体育の日

:10月10日:祝日法改正法(S41)
:10月の第2月曜日:祝日法(H10)

東京五輪の開会式の日(昭和39年)。

* 各地域の休日

[81] [[沖縄県]]については[[琉球の祝祭日]]を参照。

* 選挙休日

[275] [[日本]]では、[[選挙]]の日を[[法令]]により[[休日]]とした例はないようです。

;; [[外国]]ではそのような場合もあります。

;; [279] [[政府機関]]が[[休日]]となった例はあります [SRC[>>278]]。

[276] 1970年以後の[[国政選挙]]はすべて[[日曜日]]に行われています [SRC[>>277]]。

[REFS[
- [277] [CITE@ja[平日投票 - Wikipedia]] ([TIME[2015-12-07 00:15:02 +09:00]] 版) <https://ja.wikipedia.org/wiki/%E5%B9%B3%E6%97%A5%E6%8A%95%E7%A5%A8>
- [278] [CITE[国立公文書館 デジタルアーカイブ 昭和二十一年四月十日(衆議院議員総選挙当日)ヲ休暇日ト為ス]] ([TIME[2015-12-22 01:01:31 +09:00]] 版) <http://www.digital.archives.go.jp/DAS/meta/listPhoto?KEYWORD=&LANG=default&BID=F0000000000000008162&ID=M0000000000001778181&TYPE=&NO=>
]REFS]

* 計算機システムにおける休日の実装

[216] [[カレンダー]]等の日時を扱うシステムや、[[休日]]かどうかによって挙動を変えるシステムなど、
[[コンピューター]]上の[[プログラム]]で[[休日]]や[[祝日]]を扱いたいことがよくあります。

[227] [[プログラミング言語]]の標準ライブラリーや [[OS]] の [[API]]
などの形で[[休日]]のデータが提供されることは、残念ながらほとんどありません。
各[[プログラム]]で独自に実装する必要があります。

[217] その実装方法は、 ([[日曜日]]を除く) すべての[[休日]]の一覧表を保持する方法と、
[[祝日]]の条件のみを保持し、計算により[[休日]]を求める方法に大きく分けられます。

[218] 日本の休日・祝日の場合、法改正による歴史的な変遷が複雑であること、
現在の計算機の性能を考えると祝日の日数は十分少ないことから、
すべての[[休日]]の一覧表を保持する方法が良さそうに思われます。

[219] 今後も法改正により新たな祝日の追加や変更が予想されること、
[[ハッピーマンデー]]や[[振替休日]]のような休日の決定規則が何度も改められた前例があることから、
休日の変更に対応できる実装方法とする必要がありますし、
休日の計算方法を記述したプログラムをその度に更新するよりは、
休日の一覧表を更新するだけで済む方が手間が少ないとも思われます。

[220] 日本の祝日一覧データファイルは >>6 にあります。

[225] [[日本]]では、[[休日]]でない[[平日]]、[[休日]]でない[[土曜日]]、
[[日曜日]]その他の[[休日]]の3種類に分けて表示するのが一般的です。

[223] 現在[[日本]]である地域の過去も含めた[[休日]]を扱いたい時は、
日本本土の祝日データの他に、[[琉球の祝祭日]]のデータが必要です。

[224] 過去の[[休日]]を扱いたい時は、明治9年/1876年4月以後の[[日曜日]]を[[休日]]、
[[土曜日]]を[[平日]]でも[[休日]]でもない日とするのが良いと思われます (>>58)。
それ以前の[[明治時代]]は[[一六日]]を[[休日]]とするのが良いと思われます。

;; ただし明治5年までは[[旧暦]]ですから、扱いはかなり複雑になります。

[226] 将来の[[休日]]は、法改正により変化する可能性がありますから、
確実ではありません。通常はその時点での最新の法に基づき将来に延長して考えますが、
そのまま実施されるとは限りません。

[236] [[休日]]・[[祝日]]データは、それなりの頻度で、最低でも1年に1度は更新する必要があります。
臨時の[[休日]]の実施の可能性を考えると、本当はそれよりも高頻度で更新できるべきです。
[[プログラム]]の配布方法 ([[OS]] や[[プログラミング言語]]の[[パッケージマネージャー]]や、
[[パッケージ]]管理コミュニティーの運営方針) 次第では、適切な頻度でのデータ更新ができないかもしれません。
その場合には別の更新方法を検討する必要があります。

[EG[
[237] [[プログラム]]に[[休日]]データが直接埋め込まれていると、
更新時に再[[コンパイル]]が必要となって不便かもしれません。
]EG]

[EG[
[281] [[OS]] が「[[安定版]]」の[[パッケージ]]を滅多に更新しない方針でパッケージ管理していると、
その[[パッケージ]]に[[休日]]データを含めるのは不適切かもしれません。
]EG]

[228] 休日かどうかは、次のような場面で使われます。
[FIG(list)[
- [229] [[カレンダー]]その他[[暦]]に関する表示
- [230] [[休日]]かどうかによりアクセス傾向が異なる [[Webアプリケーション]]等の動作の切り替え
(例えば休日にアクセスが増える傾向にある[[Webサイト]]で、休日モードならデータ転送量を削減するなど。)
- [265] [[平日]]と[[休日]]で提供サービスや価格などが変わる場合の切り替え
- [233] 営業日を考慮した、手続きにかかる日数の予測表示
]FIG]


* 国旗の掲揚

[123] [[昭和]]時代までは[[国民の祝日]]に[[国旗]]を掲揚するのが一般的でしたが、
最近は少なくなっています。

[239] この慣習から[[カレンダー]]等の[[日付]]や[[祝日]]名に添えて[[日の丸]]を表示することがよくあります。

;; 詳細は[[日の丸]]を参照。

[240] [[国旗]]を掲げることから、[[祝日]]のことを[DFN[[[旗日]]]]ともいいます。

[124] [[天保暦]]明治3年/1870年1月27日の明治3年[[太政官布告]]第57号は[[国旗]]の掲揚に関して[[祝日]]を次の通りであると示していました
[SRC[>>125, >>126]]。
[FIG(short list)[
- 正月朔日
- 正月十五日
- 三月三日
- 五月五日
- 七月七日
- 七月十五日
- 八月朔日
- 九月九日
- 九月廿二日
]FIG]

;; [238] 当時の[[祝日]]を (おそらく初めて) 明文化しているものの、
[[祝日]]自体を規定することを目的としたものではなかったようです。

[REFS[
- [125] [CITE@ja[郵船商船規則 - Wikisource]] ([TIME[2014-08-06 08:36:13 +09:00]] 版) <http://ja.wikisource.org/wiki/%E9%83%B5%E8%88%B9%E5%95%86%E8%88%B9%E8%A6%8F%E5%89%87>
-- [191] 平成11年/1999年に[[法律]]により廃止
-- [190] [CITE@ja[国旗及び国歌に関する法律]] ([TIME[2014-09-03 06:17:19 +09:00]] 版) <http://law.e-gov.go.jp/htmldata/H11/H11HO127.html>
- [126] [CITE@ja[近代デジタルライブラリー - 法令全書. 明治3年]] ([TIME[2014-09-06 08:44:20 +09:00]] 版) <http://kindai.ndl.go.jp/info:ndljp/pid/787950/41> 45コマ
]REFS]

* 日付表記における祝日

[241] [[日]]を種別により[[色]]分けする[[カレンダー]]では、
[[平日]]を[[黒]]、
[[土曜日]]を[[青]]、
[[日曜日]]その他の[[休日]]を[[赤]]とするのが普通です。
2色の場合は、[[土曜日]]を[[黒]]とするのが一般的です。

;; [[国民の休日]]、[[振替休日]]、臨時の[[休日]]も[[赤]]とします。

[288] 「(月)」のように[[曜日]]を表示する場合に、
「(月・祝)」のように[[祝日]]であることを併記したり、
「(祝)」のように[[指]]にかえて[[祝日]]である旨のみを表示することがあります。

[289] [[祝日]]には[[日の丸]]を表示することがよくあります (>>239)。
[[祝日]]名と併記する場合は、「🇯🇵 [[建国記念の日]]」のように記載するのが普通です。

* メモ

[FIG(amazon)[
祝日
]FIG]

[91] [CITE[休日の変遷]]
( ([TIME[2001-12-09 14:53:46 +09:00]] 版))
<http://homepage1.nifty.com/gyouseinet/kyujitsu.htm>

[92] <http://www.ffortune.net/calen/calen/yomi99/yomi027.htm>

[93] [CITE[国民の休日に関して質問です。 ここで言う「国民の休日」とは、.. - 人力検索はてな]]
([TIME[2011-01-31 18:54:35 +09:00]] 版)
<http://q.hatena.ne.jp/1296055363>

[94] [CITE[Holidays in Japan]]
( ([TIME[2007-04-29 14:18:43 +09:00]] 版))
<http://www.asahi-net.or.jp/~ci5m-nmr/misc/holiday.html>

[1] ハッピーマンデーのせいでいつ休みなのかさっぱりわかんないよ。。。

[2] >>1 ハッピーマンデーがハッピーマンセーに見えた。。。

[3]
[CITE[国民の祝日について]] <http://www8.cao.go.jp/chosei/shukujitsu/gaiyou.html>

[4]
[CITE[国民の祝日に関する法律の一部を改正する法律案]] <http://www.shugiin.go.jp/itdb_gian.nsf/html/gian/honbun/houan/g15901014.htm>
([[名無しさん]] [WEAK[2005-05-13 10:57:58 +00:00]])

[5]
[CITE[【政治】"2007年から" 4月29日は「昭和の日」に、改正祝日法が成立]]
<http://news19.2ch.net/test/read.cgi/newsplus/1115956836/>
([[名無しさん]] [WEAK[2005-05-13 10:58:21 +00:00]])

[11] [CITE[Calendar::Japanese::Holiday - search.cpan.org]]
([TIME[2010-05-04 08:05:15 +09:00]] 版)
<http://search.cpan.org/~kztomita/Calendar-Japanese-Holiday-0.03/lib/Calendar/Japanese/Holiday.pm>

[12] [CITE@ja[国民の祝日 - Wikipedia]]
([TIME[2010-04-16 03:24:54 +09:00]] 版)
<http://ja.wikipedia.org/wiki/%E5%9B%BD%E6%B0%91%E3%81%AE%E7%A5%9D%E6%97%A5>

[13] [CITE[休日の変遷]]
([TIME[2001-12-09 23:53:46 +09:00]] 版)
<http://homepage1.nifty.com/gyouseinet/kyujitsu.htm>

[20] [CITE@ja[祝祭日 - Wikipedia]]
([TIME[2010-04-16 16:52:57 +09:00]] 版)
<http://ja.wikipedia.org/wiki/%E7%A5%9D%E7%A5%AD%E6%97%A5>

[22] ( ([TIME[2013-09-04 03:10:57 +09:00]] 版))
<http://www.jats.gr.jp/journal/pdf/gakkaiho013_04.pdf>

[84] [CITE[国民の祝日について]] <http://www8.cao.go.jp/chosei/shukujitsu/gaiyou.html>

[85] [CITE[祝日について]] <http://www.h3.dion.ne.jp/~sakatsu/holiday_topic.htm>

[86] [CITE[Holidays in Japan]] <http://www.asahi-net.or.jp/~CI5M-NMR/misc/holiday.html>

新聞の反応についてのメモがある。

[95] [CITE@ja[suchowan's UniWiki Calendar/When/Exe/暦説明/本編/日本/補足/戦前の休日の変遷に関するメモ]]
( ([TIME[2014-09-06 06:55:44 +09:00]] 版))
<http://hosi.org/u/wiki.cgi?Calendar%2FWhen%2FExe%2F%E6%9A%A6%E8%AA%AC%E6%98%8E%2F%E6%9C%AC%E7%B7%A8%2F%E6%97%A5%E6%9C%AC%2F%E8%A3%9C%E8%B6%B3%2F%E6%88%A6%E5%89%8D%E3%81%AE%E4%BC%91%E6%97%A5%E3%81%AE%E5%A4%89%E9%81%B7%E3%81%AB%E9%96%A2%E3%81%99%E3%82%8B%E3%83%A1%E3%83%A2>

[96] [CITE@ja[祝休日法:改正法の附則]]
( ([[SADAHIRO Tomoyuki]] 著, [TIME[2014-05-30 12:59:33 +09:00]] 版))
<http://homepage1.nifty.com/nomenclator/ip/holiday/index.htm>

[192] [CITE@ja[日本の祝日・祭日の変遷 ''''''[''''''山の日対応済'''''']'''''' - Yahoo!知恵袋]]
( ([TIME[2014-09-06 13:38:17 +09:00]] 版))
<http://note.chiebukuro.yahoo.co.jp/detail/n31302>

[212] [CITE@ja[「海の日」7月20日に戻す祝日法改正案 慎重論続出 自民了承見送り - 産経ニュース]]
( ([[SANKEI DIGITAL INC.]] 著, [TIME[2014-10-17 10:58:06 +09:00]] 版))
<http://www.sankei.com/politics/news/141017/plt1410170055-n1.html>

[213] [CITE@ja[『開化問答』の祝祭日問答: 日夜困惑日記@望夢楼]]
( ([TIME[2014-11-07 00:05:22 +09:00]] 版))
<http://clio.seesaa.net/article/388710217.html>

[FIG(quote)[
[FIGCAPTION[
[231] [CITE@ja[日本で初めて曜日(日・月・火・水・木・金・土)を使いだした時期と理由を知りたい。 | レファレンス協同データベース]]
([[国立国会図書館]] 著, [TIME[2015-10-17 21:10:13 +09:00]] 版)
<http://crd.ndl.go.jp/reference/modules/d3ndlcrdentry/index.php?page=ref_view&id=1000080625>
]FIGCAPTION]

> 昭和のはじめごろには、まだ職人たちがそうであったように10日ごと、あるいは1日と15日を休むといった習慣が長く続いた。」と記載。

]FIG]


[FIG(quote)[
[FIGCAPTION[
[232] [CITE@ja[改暦(太陰暦から太陽暦へ) | 檪原家文書 ―大阪の大店の日記―]]
([TIME[2014-04-18 12:56:16 +09:00]] 版)
<http://library2.kwansei.ac.jp/e-lib/ichiharake/02kaireki/index.html>
]FIGCAPTION]

> これらの記事からは太陽暦への転換がスムーズに進んだかのような印象をうけるが、1月16日には再び餅つきを行い、もともとの元旦であった1月29日には、神武天皇陵の遥拝、氏神への参詣を行い、円照寺の住職も年頭礼のため櫟原家へやって来ている。「今日は旧暦(太陰暦)の元日にあたるので、町々の商店の大半が休んでいる」とも記されており、少なからず混乱が生じた様子がうかがえる。

]FIG]

[FIG(quote)[
[FIGCAPTION[
[242] [CITE@ja[1993年6月9日は、皇太子ご成婚のパレードがあったそうですが、... - Yahoo!知恵袋]]
([TIME[2015-12-17 20:22:40 +09:00]] 版)
<http://detail.chiebukuro.yahoo.co.jp/qa/question_detail/q11139839591>
]FIGCAPTION]

> 休日になりましたよ、銀行も閉まりましたし。カレンダーは前年に印刷されますからね、発表は年越してからでしたから。

]FIG]

[243] [CITE[祝日考]]
([TIME[2012-07-25 17:01:56 +09:00]] 版)
<http://www.crc.mie-u.ac.jp/seeds/pdf/20091217-133426_room4.pdf>

[FIG(quote)[
[FIGCAPTION[
[244] [CITE@ja[祝祭日(しゅくさいじつ)とは - コトバンク]]
(日本大百科全書(ニッポニカ))
<https://kotobank.jp/word/%E7%A5%9D%E7%A5%AD%E6%97%A5-77597>
]FIGCAPTION]

> 中世以後の武家社会では将軍家(幕府)の家祭が祝祭日の形になり、民間の伝統的節供行事と中国の節日儀礼を習合した形で、宮廷儀礼とは別個な行事体系が生成した。いわゆる「五節供」の制で、室町期にいちおう成立した形が江戸幕府に引き継がれ、1616年(元和2)の制令などで、いわゆる「五節供」の式日の制が確定した。歳首(さいしゅ)(元日)をもっとも重い「式日」として、上巳(じょうし)(3月3日)、端午(たんご)(5月5日)、七夕(たなばた)(7月7日)、重陽(ちょうよう)(9月9日)の「五節(ごせち)」を定め、そのほかに嘉定(かじょう)(6月16日)、八朔(はっさく)(8月1日)、玄猪(げんちょ)(10月10日)と、歳暮の諸祭日を加えた行事体系である。

]FIG]


[FIG(quote)[
[FIGCAPTION[
[245] [CITE@ja[假寧令 - Wikipedia]]
([TIME[2015-11-16 23:52:04 +09:00]] 版)
<https://ja.wikipedia.org/wiki/%E5%81%87%E5%AF%A7%E4%BB%A4>
]FIGCAPTION]

> 在京の諸司においては通常6日ごとに1日、一斉に假を取ることが不都合な中務省・宮内省・衛府の供奉担当者は月に1度5日分の假が与えられた。更に5月と8月の農繁期に出された田假や畿外に住む親のために帰省するための定省假など各種の休暇規定があった。

]FIG]


[246] [CITE[柳田国男 年中行事覚書]]
([TIME[2013-05-19 02:54:29 +09:00]] 版)
<http://www.aozora.gr.jp/cards/001566/files/53812_50600.html>

[FIG(quote)[
[FIGCAPTION[
[248] [CITE[盆踊りの知識:枠組みについて2]]
([TIME[2008-10-04 16:17:12 +09:00]] 版)
<http://www.bonodori.net/sekai/SHIKUMI2.HTML>
]FIGCAPTION]

> 江戸時代の庄屋の日記などに残る「村の休み日」の記録を見ても、江戸時代初期にはすでに旧暦7月13日(あるいは14日)~16日頃がお盆休みとして決められている様子が知られます※。
> ※盆が「休み日」として規定されていない地域もあります。「誰もが認める神事である盆・正月は決め事にする必要もなかった」(阿部昭)との説も。
> (参考資料:「暮らしの中の民俗学②一年」吉川弘文館)

]FIG]


[FIG(quote)[
[FIGCAPTION[
[249] [CITE@ja[藪入り - Wikipedia]]
([TIME[2015-11-17 01:31:37 +09:00]] 版)
<https://ja.wikipedia.org/wiki/%E8%97%AA%E5%85%A5%E3%82%8A>
]FIGCAPTION]

> 藪入り(やぶいり)、薮入りとは、かつて商家などに住み込み奉公していた丁稚や女中など奉公人が実家へと帰ることのできた休日。1月16日と7月16日がその日に当たっていた。

]FIG]


[FIG(quote)[
[FIGCAPTION[
[250] [CITE@ja[藪入り - Wikipedia]]
([TIME[2015-11-17 01:31:37 +09:00]] 版)
<https://ja.wikipedia.org/wiki/%E8%97%AA%E5%85%A5%E3%82%8A>
]FIGCAPTION]

> 藪入りの習慣が都市の商家を中心に広まったのは江戸時代である。本来は奉公人ではなく、嫁取り婚において嫁が実家へと帰る日だったとされるが、都市化の進展に伴い商家の習慣へと転じた'''['''1''']''' 。

]FIG]


[FIG(quote)[
[FIGCAPTION[
[251] [CITE@ja[昔の休日はどうなっていたのか?- 歴史 | 教えて!goo]]
([TIME[2015-12-18 01:34:21 +09:00]] 版)
<http://oshiete.goo.ne.jp/qa/5020800.html>
]FIGCAPTION]

> 
> 2 江戸時代の商人は毎月1 15 25が休日、またそれぞれの
>   組合等で決めた定休、5節句 正月 盆等以外に休みが多かった
>   ようです 概算では70日ぐらいでしょう、農家では大体30日
>   ぐらいだったようです、つまり5日に一日は休みでそのとき
>   歌舞伎 落語等を見ることが多くなりおおいに発展したようです

]FIG]


[FIG(quote)[
[FIGCAPTION[
[252] [CITE@ja[江戸時代に詳しい方!江戸時代は仕事のお休みが無かったと聞きま... - Yahoo!知恵袋]]
([TIME[2015-12-18 01:37:31 +09:00]] 版)
<http://detail.chiebukuro.yahoo.co.jp/qa/question_detail/q1261683362>
]FIGCAPTION]

> 例として、下野国都賀郡助谷(すけがい)村(今の栃木県壬生町))の江戸末期の休日数を数えますと、下記のようになります。
> 月 1 2 3 4 5 6 7 8 9 10 11 12
> 休日数 14 10 8 8 2 7 8 10 9 1 3 2 合計82日
> これは享和2年(1802)の実測であり、年によって日数は変動しており、この年は記録中で最も多い日数です。しかし、その他の年もそれほど大きな変化はなく、寛政11年(1799)から文化7年(1810)までの10年余りの平均休日数は、73日になります。各月にかなりのばらつきがありますが、これは勿論、農繁期を避けているためです。休日とは言っても、何のための休みかが記されているものもたくさんあります。例えば、「ひかん(彼岸)」「初午」「馬作らい」「日光参」「祭礼」「ぼん(盆)」「風祭り」「庚申」「百万遍日待」などです。村の鎮守のお祭りや農業に関わる行事などが中心でした。しかし、当然ながら例えばお祭りでは、お店が出たり、興行(見世物など)が行われたりして、現在で言うレジャー的な面もあったのです。なお、休日稼ぎ(村で定めた休日にも働くこと)は村の総意として禁止されていました(破れば、村八分などの罰則が待っています)。
> <参考 サイト『歴史へのいざない』栃木県内公立高校教諭 松本一夫氏HP>

]FIG]


[FIG(quote)[
[FIGCAPTION[
[253] [CITE[―江戸の年中行事―正月09]]
([TIME[2008-06-23 16:13:28 +09:00]] 版)
<http://homepage1.nifty.com/ooedo/ed_gyoji/ed_01/ed_g01_i.html>
]FIGCAPTION]

> 当時は、仕事を見習うために、職人・商人ともに、十三・四歳頃から師匠や商家を選んで奉公に出ますが、これを丁稚奉公と言います。
>  年期はおよそ十ヵ年。
>  丁稚たちは例年、正月の薮入りに主人から衣類万端与えられ、小遣いをもらって親許へ帰ります。
>  丁稚から元服した者は、薮入りを許されません。
>  その場合は親許へは帰らず、芝居見物等をして羽をのばしました。
>  武家奉公の女中は一日か三日、あるいは七日の暇を許されます。
>  七日七夜の暇が許されるのを「宿下がり」と言います。

]FIG]


[FIG(quote)[
[FIGCAPTION[
[254] [CITE@ja[江戸時代には日曜が有ったのでしょうか? - 歴史 | 【OKWAVE】]]
([TIME[2015-12-18 01:38:47 +09:00]] 版)
<http://okwave.jp/qa/q1083817.html>
]FIGCAPTION]

> 江戸時代には武士は「三勤一休」といい、3日勤務すれば1日休みが貰える、商家では丁稚奉公の
> 者が年に二日間だけ(1/16, 7/16)休暇を貰い、これを「薮入り」といっていたそうです。

]FIG]


[255] [CITE[江戸時代の農民の休日は?]]
([TIME[2015-10-06 01:19:34 +09:00]] 版)
<http://www2.ttcn.ne.jp/kazumatsu/sub231.htm>

[256] [CITE[江戸時代までの日本人は勤勉ではなかった‼︎ - NAVER まとめ]]
([TIME[2015-12-18 01:42:06 +09:00]] 版)
<http://matome.naver.jp/odai/2140954156057889001>

[FIG(quote)[
[FIGCAPTION[
[257] [CITE[江戸時代までの日本人は勤勉ではなかった‼︎ - NAVER まとめ]]
([TIME[2015-12-18 01:42:45 +09:00]] 版)
<http://matome.naver.jp/odai/2140954156057889001>
]FIGCAPTION]

> 江戸時代の商家や職人は、一般に毎月1・15・28日を休日にすることが多く、このほかに、それぞれの同業者や組合で取り決めた定休日や行事にともなう多数の休日があった。1794年に大阪で出された「町触れ」(地域の公的取り決め)からは、当時の職人の労働リズムがわかる。朝8時に仕事を始め、夕方6時に終わる。午前10時と午後2時に30分の休憩、昼休み1時間、4月8日から8月1日は昼休みが1時間延長され2時間になる。休日は毎月1日・15日、五節句は休み、12月25日から1月9日が正月休み、盆休みは7月11ー20日とある。

]FIG]


[FIG(quote)[
[FIGCAPTION[
[258] [CITE@ja[寺子屋 - Jinkawiki]]
([TIME[2009-01-30 16:49:01 +09:00]] 版)
<http://kwww3.koshigaya.bunkyo.ac.jp/wiki/index.php/%E5%AF%BA%E5%AD%90%E5%B1%8B>
]FIGCAPTION]

> 休日においては、毎月1、15、25日の三日の休、12月17日から1月16日までの長休、2月初午(初午休)、3月2、3、4日(上巳の節句休)、5月4、5、6日(端午の節句休)、7月6、7日(七夕の節句休)、7月13~16日(盆休)、9月8、9日(重用の節句休)が一般的であった。
> 

]FIG]


[FIG(quote)[
[FIGCAPTION[
[259] [CITE[2.歴史的存在としての私たち(1)―休日と活動日]]
([[yohashi]] 著, [TIME[2015-12-18 01:51:08 +09:00]] 版)
<http://webcache.googleusercontent.com/search?q=cache:bcSwTqaR_nYJ:www.f.waseda.jp/yohashi/gaisetu/0416.pdf>
]FIGCAPTION]

> 明治 20 年代前半、農商務省が実施した『農事調査』によると、 ア.地域によって年間休日数が異なる(13 ~ 80 日) イ.国家祝祭日を休日にしているのは約 2 割 ①和歌山県牟婁郡の場合:近世の休日慣行を継承 む ろ 「一年中一月一日、陰暦正月三ケ日・七日・十五日、廿八日、三月三日、五月五日、六月一日・七日、七 月七日・十四日・十五日・十六日、八朔、九月九日、十二月一日、此外挿苗后及麦蒔后一日・秋一日、其他 氏神祭及順気祝、伊勢講(一ケ年中五日間)等ニ休業ス」 ②大阪府西成郡の場合:都市部では、国家の規定に転換していたところも見られる 「年中休業日ハ陰暦元旦、盆会、節句等、総テ旧慣ヲ用フルモノ十中七トス、然レドモ陽暦ノ一日及ビ 天長節・神武天皇祭等ニテモ矢張休業ヲナス、又市街地接続ノ地ニアリテハ悉ク陽暦ヲ用ヒ休業ヲ定ム」

]FIG]


[FIG(quote)[
[FIGCAPTION[
[260] [CITE[2.歴史的存在としての私たち(1)―休日と活動日]]
([[yohashi]] 著, [TIME[2015-12-18 01:51:49 +09:00]] 版)
<http://webcache.googleusercontent.com/search?q=cache:bcSwTqaR_nYJ:www.f.waseda.jp/yohashi/gaisetu/0416.pdf>
]FIGCAPTION]

> 幕府によって百姓の休日を一律に設定したことはない →村が設定・管理するのが原則:村の自治によって決定される仕組み ①上田藩領小 県郡上塩尻村の場合:1830 年代「当村定例年中行事集」によれば、年間 30 日の「遊び日」 ちいさがた *①行政的休日、②農事的行事、③民俗的年中行事 「一 定例遊日 正月三ケ日・七日・十三日・十五日・十六日・廿日 二月朔日・初午・十七日・廿三日 三月節句・十三日・廿四日 四月宗判、山の口明前一日 五月農休ミ 六月十七日・廿四日 七月朔日・七日・盆三日・廿七日・風祭り 八月朔日 九月触次第一日 十月秋休ミ 〆三十日先例遊日」 ②幕府領水内郡大倉崎村の場合:1791 年「村中連判掟書」によれば、年間休日数 50 日以上 み の ち 「一 休日定書之事、壱ケ月ニ三日・十六日・廿四日・廿八日、……」 *毎月、三日・十六日・二十四日・二十八日は定休日 →近世後期、「遊び日」増加の傾向:祭礼など、内容・規模の両面で巨大化

]FIG]

[FIG(quote)[
[FIGCAPTION[
[285] [CITE@ja[昭和天皇の大喪の礼に際しての学校における児童生徒への指導について:文部科学省]]
([TIME[2015-10-01 22:18:42 +09:00]] 版)
<http://www.mext.go.jp/b_menu/hakusho/nc/t19890215002/t19890215002.html>
]FIGCAPTION]

> なお、大喪の礼当日の二月二四日は、「昭和天皇の大喪の礼の行われる日を休日とする法律」の制定に伴い、休日となりますので、念のため申し添えます。

]FIG]


[FIG(quote)[
[FIGCAPTION[
[286] [CITE@ja[昭和天皇の大喪の礼当日における弔意奉表について:文部科学省]]
([TIME[2015-10-01 22:19:06 +09:00]] 版)
<http://www.mext.go.jp/b_menu/hakusho/nc/t19890215001/t19890215001.html>
]FIGCAPTION]

> 内閣官房長官談話
> 平成元年二月十五日
> 昭和天皇の大喪の礼の行われる日を休日とする法律の成立に当たつて
> 本日、昭和天皇の大喪の礼の行われる日を休日とする法律が国会の議決を経て成立しました。
> 昭和天皇の大喪の礼の行われる日を休日とする法律は、国事行為として、平成元年二月二十四日に行われる昭和天皇の大喪の礼に際して、六十有余年に及ぶ昭和天皇の御在位における御遺徳をしのび、国民こぞつて弔意を表するため、この日を休日とするものであります。
> 昨日、昭和天皇の大喪の礼当日における弔意奉表について閣議決定がされたところでありますが、国民各位におかれては、この趣旨を御理解いただき、当日を休日とし、哀悼の意を表されるよう御協力をお願いする次第であります。

]FIG]


[FIG(quote)[
[FIGCAPTION[
[287] [CITE[○上里町の休日を定める条例]]
([TIME[2015-09-04 19:12:17 +09:00]] 版)
<http://www.town.kamisato.saitama.jp/d1w_reiki/402901010008000000MH/402901010008000000MH/402901010008000000MH_j.html>
]FIGCAPTION]

> (町の休日)
> 第1条 次に掲げる日は、町の休日とし、町の機関の執務は、原則として行わないものとする。
> (1) 日曜日及び土曜日
> (2) 国民の祝日に関する法律(昭和23年法律第178号)に規定する休日
> (3) 12月29日から翌年の1月3日までの日(前号に掲げる日を除く。)
> 2 前項の規定は、町の休日に町の機関がその所掌事務を遂行することを妨げるものではない。

]FIG]

[FIG(quote)[
[FIGCAPTION[
[290] [CITE@ja[体育の日、スポーツの日に変わるかも 初のカタカナ祝日:朝日新聞デジタル]]
([TIME[2016-01-27 11:06:49 +09:00]] 版)
<http://www.asahi.com/articles/ASJ1T5CQ6J1TUTQP00W.html>
]FIGCAPTION]

> 1964年東京五輪の開催をきっかけに制定された「体育の日」の名前が「スポーツの日」に変わりそうだ。超党派でつくるスポーツ議員連盟(会長・麻生太郎財務相)が25日、名称変更に向け祝日法改正案を作成するプロジェクトチームを設置した。

]FIG]

[FIG(quote)[
[FIGCAPTION[
[299] [CITE@ja[『開化問答』の祝祭日問答: 日夜困惑日記@望夢楼]]
([TIME[2016-02-18 18:57:19 +09:00]] 版)
<http://clio.seesaa.net/article/388710217.html>
]FIGCAPTION]

>  なお、五節句は、明治政府による廃止命令の後も、農村部を中心に残り続けた。明治政府の国定祝祭日が学校教育などを通じて定着するようになるのは、日露戦争(1904~05)以後のことといわれている(有泉貞夫「明治国家と祝祭日」『歴史学研究』第341号、1968年10月)。

]FIG]


[FIG(quote)[
[FIGCAPTION[
[234] [CITE@ja[祝日に手紙・はがき・荷物(ゆうパック)等の配達は行われますか? - 日本郵便]]
( ([TIME[2016-04-01 13:22:36 +09:00]]))
<https://www.post.japanpost.jp/question/56.html>
]FIGCAPTION]

> 祝日における普通郵便物等の配達は、1月1日を除き、原則として休止しています。
> なお、祝日においても、速達、書留、ゆうパック等、次の郵便物等は配達を行います。

]FIG]


[FIG(quote)[
[FIGCAPTION[
[235] [CITE@ja[外務省: よくある質問集 大使館]]
( ([TIME[2013-08-13 15:55:57 +09:00]]))
<http://www.mofa.go.jp/mofaj/comment/faq/mofa/embassy.html#02>
]FIGCAPTION]

>  大使館や総領事館は、現地の休日等現地の事情を十分に考慮した上で公館毎に休館日を定めています。ただし、休館日の日数については、日本の祝日等の日数の範囲内となっています。日本と現地の両方の休日、祝日を全て休館にしているということはありません。

]FIG]


[FIG(quote)[
[FIGCAPTION[
[292] [CITE@ja-jp[元号の改元日の境界処理]]
([[中博俊]]著, [TIME[2016-06-26 01:41:31 +09:00]])
<http://blogs.wankuma.com/ognac/archive/2008/07/30/150960.aspx>
]FIGCAPTION]

> 侍の勤務体制は、三日ないしは四日単位で休みが合ったらしい。一週間七日制の導入で、勤務条件が悪化したと、不平続出したとも言われいます。(雑学本の出自で未体験です) 

]FIG]
